Date,4 WEEKS BANK DISCOUNT,4 WEEKS COUPON EQUIVALENT,8 WEEKS BANK DISCOUNT,8 WEEKS COUPON EQUIVALENT,13 WEEKS BANK DISCOUNT,13 WEEKS COUPON EQUIVALENT,26 WEEKS BANK DISCOUNT,26 WEEKS COUPON EQUIVALENT,52 WEEKS BANK DISCOUNT,52 WEEKS COUPON EQUIVALENT
1/2/2018,1.27,1.29,,,1.42,1.44,1.58,1.61,1.78,1.83
1/3/2018,1.27,1.29,,,1.39,1.41,1.56,1.59,1.76,1.81
1/4/2018,1.25,1.27,,,1.39,1.41,1.57,1.6,1.77,1.82
1/5/2018,1.24,1.26,,,1.37,1.39,1.55,1.58,1.75,1.8
1/8/2018,1.26,1.28,,,1.43,1.46,1.57,1.6,1.74,1.79
1/9/2018,1.25,1.27,,,1.42,1.44,1.57,1.6,1.73,1.78
1/10/2018,1.29,1.31,,,1.4,1.42,1.56,1.59,1.73,1.78
1/11/2018,1.29,1.31,,,1.41,1.43,1.55,1.58,1.72,1.77
1/12/2018,1.28,1.3,,,1.41,1.43,1.56,1.59,1.73,1.78
1/16/2018,1.31,1.33,,,1.43,1.46,1.6,1.64,1.73,1.78
1/17/2018,1.29,1.31,,,1.42,1.44,1.6,1.64,1.73,1.78
1/18/2018,1.26,1.28,,,1.43,1.46,1.6,1.64,1.73,1.78
1/19/2018,1.25,1.27,,,1.42,1.44,1.59,1.62,1.73,1.78
1/22/2018,1.23,1.25,,,1.43,1.46,1.62,1.66,1.73,1.78
1/23/2018,1.24,1.26,,,1.42,1.44,1.6,1.64,1.72,1.77
1/24/2018,1.23,1.25,,,1.41,1.43,1.6,1.64,1.73,1.78
1/25/2018,1.2,1.22,,,1.4,1.42,1.61,1.65,1.74,1.79
1/26/2018,1.21,1.23,,,1.39,1.41,1.6,1.64,1.73,1.78
1/29/2018,1.24,1.26,,,1.43,1.46,1.63,1.67,1.73,1.78
1/30/2018,1.47,1.49,,,1.42,1.44,1.63,1.67,1.83,1.88
1/31/2018,1.41,1.43,,,1.44,1.47,1.63,1.67,1.85,1.9
2/1/2018,1.39,1.41,,,1.46,1.49,1.61,1.65,1.84,1.89
2/2/2018,1.38,1.4,,,1.46,1.49,1.61,1.65,1.83,1.88
2/5/2018,1.37,1.39,,,1.49,1.52,1.64,1.68,1.8,1.85
2/6/2018,1.46,1.48,,,1.5,1.53,1.66,1.7,1.82,1.87
2/7/2018,1.34,1.36,,,1.53,1.56,1.69,1.73,1.85,1.9
2/8/2018,1.3,1.32,,,1.53,1.56,1.69,1.73,1.85,1.9
2/9/2018,1.29,1.31,,,1.53,1.56,1.69,1.73,1.83,1.88
2/12/2018,1.31,1.33,,,1.61,1.64,1.78,1.82,1.87,1.92
2/13/2018,1.32,1.34,,,1.57,1.6,1.76,1.8,1.89,1.94
2/14/2018,1.3,1.32,,,1.56,1.59,1.77,1.81,1.92,1.97
2/15/2018,1.28,1.3,,,1.56,1.59,1.78,1.82,1.93,1.98
2/16/2018,1.33,1.35,,,1.59,1.62,1.79,1.83,1.94,1.99
2/20/2018,1.37,1.39,,,1.64,1.67,1.83,1.87,1.94,1.99
2/21/2018,1.38,1.4,,,1.62,1.65,1.81,1.85,1.96,2.02
2/22/2018,1.32,1.34,,,1.61,1.64,1.8,1.84,1.95,2.01
2/23/2018,1.35,1.37,,,1.61,1.64,1.81,1.85,1.95,2
2/26/2018,1.35,1.37,,,1.65,1.68,1.83,1.87,1.96,2.02
2/27/2018,1.47,1.49,,,1.64,1.67,1.83,1.87,2.02,2.08
2/28/2018,1.48,1.5,,,1.63,1.66,1.82,1.86,2.01,2.07
3/1/2018,1.47,1.49,,,1.6,1.63,1.8,1.84,1.99,2.05
3/2/2018,1.47,1.49,,,1.62,1.65,1.81,1.85,2,2.06
3/5/2018,1.48,1.5,,,1.67,1.7,1.82,1.86,2,2.06
3/6/2018,1.54,1.56,,,1.65,1.68,1.83,1.87,2,2.06
3/7/2018,1.54,1.56,,,1.65,1.68,1.83,1.87,1.99,2.05
3/8/2018,1.54,1.56,,,1.64,1.67,1.84,1.88,1.99,2.05
3/9/2018,1.54,1.56,,,1.64,1.67,1.84,1.88,1.97,2.03
3/12/2018,1.56,1.58,,,1.68,1.71,1.85,1.89,1.98,2.04
3/13/2018,1.61,1.63,,,1.7,1.73,1.86,1.9,1.97,2.03
3/14/2018,1.68,1.71,,,1.73,1.76,1.89,1.93,1.98,2.04
3/15/2018,1.67,1.7,,,1.74,1.77,1.9,1.94,2,2.06
3/16/2018,1.68,1.71,,,1.75,1.78,1.91,1.95,2.01,2.07
3/19/2018,1.67,1.7,,,1.77,1.8,1.94,1.99,2.01,2.07
3/20/2018,1.73,1.76,,,1.78,1.81,1.92,1.97,2.01,2.07
3/21/2018,1.68,1.71,,,1.71,1.74,1.9,1.95,1.99,2.05
3/22/2018,1.65,1.67,,,1.69,1.72,1.9,1.94,1.98,2.04
3/23/2018,1.66,1.68,,,1.71,1.74,1.87,1.91,1.97,2.03
3/26/2018,1.68,1.71,,,1.76,1.79,1.9,1.95,1.99,2.05
3/27/2018,1.66,1.69,,,1.74,1.77,1.89,1.93,2.04,2.1
3/28/2018,1.62,1.64,,,1.7,1.73,1.9,1.95,2.06,2.12
3/29/2018,1.6,1.62,,,1.7,1.73,1.88,1.92,2.03,2.09
4/2/2018,1.65,1.67,,,1.74,1.77,1.88,1.92,2.02,2.08
4/3/2018,1.67,1.7,,,1.72,1.75,1.88,1.92,2.03,2.09
4/4/2018,1.65,1.68,,,1.68,1.71,1.86,1.9,2.01,2.07
4/5/2018,1.64,1.66,,,1.69,1.72,1.88,1.92,2.01,2.07
4/6/2018,1.65,1.67,,,1.7,1.73,1.86,1.9,2,2.06
4/9/2018,1.64,1.66,,,1.73,1.76,1.89,1.93,2.01,2.07
4/10/2018,1.61,1.63,,,1.71,1.74,1.89,1.93,2.02,2.08
4/11/2018,1.61,1.63,,,1.7,1.73,1.9,1.95,2.02,2.08
4/12/2018,1.62,1.64,,,1.72,1.75,1.9,1.94,2.04,2.1
4/13/2018,1.61,1.63,,,1.73,1.76,1.92,1.97,2.05,2.11
4/16/2018,1.6,1.62,,,1.76,1.79,1.94,1.99,2.05,2.11
4/17/2018,1.65,1.68,,,1.77,1.8,1.97,2.02,2.08,2.14
4/18/2018,1.64,1.66,,,1.78,1.81,1.96,2.01,2.09,2.15
4/19/2018,1.64,1.66,,,1.79,1.82,1.96,2.01,2.13,2.19
4/20/2018,1.62,1.64,,,1.78,1.81,1.96,2.01,2.14,2.2
4/23/2018,1.64,1.66,,,1.84,1.87,1.99,2.04,2.16,2.22
4/24/2018,1.67,1.7,,,1.84,1.87,2,2.05,2.18,2.25
4/25/2018,1.62,1.64,,,1.82,1.85,1.98,2.03,2.19,2.26
4/26/2018,1.59,1.61,,,1.79,1.82,1.97,2.02,2.18,2.25
4/27/2018,1.58,1.6,,,1.78,1.81,1.97,2.02,2.17,2.24
4/30/2018,1.6,1.62,,,1.84,1.87,1.99,2.04,2.17,2.24
5/1/2018,1.65,1.68,,,1.82,1.85,2,2.05,2.19,2.26
5/2/2018,1.66,1.69,,,1.81,1.84,1.98,2.03,2.17,2.24
5/3/2018,1.65,1.67,,,1.8,1.83,1.97,2.02,2.17,2.24
5/4/2018,1.63,1.65,,,1.8,1.83,1.98,2.03,2.17,2.24
5/7/2018,1.64,1.66,,,1.83,1.86,2,2.05,2.17,2.24
5/8/2018,1.66,1.69,,,1.84,1.87,2,2.05,2.18,2.25
5/9/2018,1.65,1.68,,,1.85,1.88,2,2.05,2.19,2.26
5/10/2018,1.65,1.67,,,1.86,1.89,2,2.05,2.19,2.26
5/11/2018,1.63,1.65,,,1.88,1.91,2.01,2.06,2.2,2.27
5/14/2018,1.64,1.66,,,1.9,1.94,2.04,2.09,2.2,2.27
5/15/2018,1.66,1.69,,,1.89,1.93,2.04,2.09,2.22,2.29
5/16/2018,1.66,1.69,,,1.88,1.92,2.04,2.09,2.23,2.3
5/17/2018,1.66,1.69,,,1.88,1.92,2.05,2.1,2.23,2.3
5/18/2018,1.64,1.66,,,1.87,1.9,2.04,2.09,2.23,2.3
5/21/2018,1.65,1.67,,,1.9,1.94,2.09,2.14,2.26,2.33
5/22/2018,1.7,1.73,,,1.9,1.94,2.08,2.13,2.27,2.34
5/23/2018,1.73,1.76,,,1.88,1.92,2.06,2.11,2.22,2.29
5/24/2018,1.7,1.73,,,1.87,1.9,2.04,2.09,2.21,2.28
5/25/2018,1.66,1.68,,,1.86,1.89,2.02,2.07,2.2,2.27
5/29/2018,1.74,1.77,,,1.9,1.94,2.01,2.06,2.1,2.16
5/30/2018,1.74,1.77,,,1.9,1.94,2.03,2.08,2.16,2.23
5/31/2018,1.73,1.76,,,1.89,1.93,2.03,2.08,2.16,2.23
6/1/2018,1.7,1.73,,,1.88,1.91,2.05,2.1,2.21,2.28
6/4/2018,1.72,1.75,,,1.91,1.95,2.08,2.13,2.22,2.29
6/5/2018,1.79,1.82,,,1.91,1.95,2.08,2.13,2.24,2.31
6/6/2018,1.78,1.81,,,1.91,1.95,2.08,2.13,2.24,2.31
6/7/2018,1.75,1.78,,,1.9,1.94,2.07,2.12,2.23,2.3
6/8/2018,1.75,1.78,,,1.89,1.93,2.07,2.12,2.22,2.29
6/11/2018,1.78,1.81,,,1.91,1.95,2.06,2.11,2.24,2.31
6/12/2018,1.78,1.81,,,1.89,1.93,2.05,2.1,2.23,2.3
6/13/2018,1.79,1.82,,,1.9,1.94,2.04,2.09,2.26,2.33
6/14/2018,1.78,1.81,,,1.9,1.94,2.02,2.07,2.25,2.32
6/15/2018,1.79,1.82,,,1.9,1.94,2.02,2.07,2.25,2.32
6/18/2018,1.8,1.83,,,1.91,1.95,2.08,2.13,2.26,2.33
6/19/2018,1.82,1.85,,,1.91,1.95,2.08,2.13,2.27,2.34
6/20/2018,1.82,1.85,,,1.9,1.94,2.09,2.14,2.29,2.36
6/21/2018,1.82,1.85,,,1.9,1.94,2.07,2.12,2.27,2.34
6/22/2018,1.8,1.83,,,1.89,1.93,2.06,2.11,2.26,2.33
6/25/2018,1.76,1.79,,,1.9,1.94,2.08,2.13,2.27,2.34
6/26/2018,1.76,1.79,,,1.9,1.94,2.09,2.14,2.26,2.33
6/27/2018,1.76,1.79,,,1.89,1.93,2.05,2.1,2.25,2.32
6/28/2018,1.73,1.76,,,1.89,1.93,2.06,2.11,2.25,2.32
6/29/2018,1.73,1.76,,,1.89,1.93,2.06,2.11,2.25,2.32
7/2/2018,1.87,1.9,,,1.95,1.99,2.09,2.14,2.26,2.33
7/3/2018,1.88,1.91,,,1.94,1.98,2.07,2.12,2.25,2.32
7/5/2018,1.84,1.87,,,1.92,1.96,2.06,2.11,2.24,2.31
7/6/2018,1.82,1.85,,,1.93,1.97,2.07,2.12,2.26,2.33
7/9/2018,1.83,1.86,,,1.95,1.99,2.1,2.15,2.26,2.33
7/10/2018,1.85,1.88,,,1.95,1.99,2.1,2.15,2.27,2.34
7/11/2018,1.86,1.89,,,1.93,1.97,2.09,2.14,2.27,2.34
7/12/2018,1.86,1.89,,,1.94,1.98,2.11,2.16,2.3,2.37
7/13/2018,1.84,1.87,,,1.94,1.98,2.1,2.15,2.28,2.35
7/16/2018,1.86,1.89,,,1.98,2.02,2.14,2.19,2.3,2.37
7/17/2018,1.9,1.93,,,1.98,2.02,2.14,2.19,2.32,2.39
7/18/2018,1.87,1.9,,,1.96,2,2.12,2.17,2.35,2.43
7/19/2018,1.86,1.89,,,1.96,2,2.1,2.15,2.32,2.39
7/20/2018,1.82,1.85,,,1.95,1.99,2.1,2.15,2.33,2.4
7/23/2018,1.84,1.87,,,1.96,2,2.14,2.19,2.34,2.41
7/24/2018,1.89,1.92,,,1.98,2.02,2.14,2.19,2.34,2.41
7/25/2018,1.87,1.9,,,1.97,2.01,2.14,2.19,2.34,2.41
7/26/2018,1.86,1.89,,,1.95,1.99,2.13,2.18,2.33,2.4
7/27/2018,1.87,1.9,,,1.96,2,2.14,2.19,2.35,2.42
7/30/2018,1.87,1.9,,,2.01,2.05,2.16,2.21,2.35,2.42
7/31/2018,1.91,1.94,,,1.99,2.03,2.16,2.21,2.35,2.42
8/1/2018,1.9,1.93,,,1.99,2.03,2.16,2.21,2.36,2.43
8/2/2018,1.86,1.89,,,1.98,2.02,2.16,2.21,2.36,2.43
8/3/2018,1.87,1.9,,,1.97,2.01,2.17,2.22,2.35,2.42
8/6/2018,1.88,1.91,,,2.02,2.06,2.18,2.23,2.35,2.42
8/7/2018,1.93,1.96,,,2.02,2.06,2.18,2.23,2.36,2.43
8/8/2018,1.9,1.93,,,2.02,2.06,2.18,2.23,2.35,2.42
8/9/2018,1.87,1.9,,,2.02,2.06,2.19,2.25,2.35,2.42
8/10/2018,1.88,1.91,,,2.01,2.05,2.17,2.22,2.33,2.4
8/13/2018,1.89,1.92,,,2.03,2.07,2.17,2.22,2.33,2.4
8/14/2018,1.93,1.96,,,2.04,2.08,2.19,2.25,2.36,2.44
8/15/2018,1.93,1.96,,,2.03,2.07,2.17,2.22,2.37,2.45
8/16/2018,1.92,1.95,,,2.03,2.07,2.18,2.23,2.37,2.45
8/17/2018,1.92,1.95,,,2.01,2.05,2.18,2.23,2.36,2.44
8/20/2018,1.89,1.92,,,2.03,2.07,2.2,2.26,2.35,2.43
8/21/2018,1.91,1.94,,,2.04,2.08,2.19,2.25,2.37,2.45
8/22/2018,1.92,1.95,,,2.05,2.09,2.18,2.23,2.35,2.43
8/23/2018,1.9,1.93,,,2.04,2.08,2.17,2.22,2.35,2.42
8/24/2018,1.91,1.94,,,2.05,2.09,2.19,2.24,2.36,2.44
8/27/2018,1.91,1.94,,,2.08,2.12,2.2,2.26,2.38,2.46
8/28/2018,1.93,1.96,,,2.09,2.13,2.22,2.28,2.38,2.46
8/29/2018,1.93,1.96,,,2.09,2.13,2.22,2.28,2.39,2.47
8/30/2018,1.93,1.96,,,2.07,2.11,2.22,2.28,2.38,2.46
8/31/2018,1.91,1.94,,,2.07,2.11,2.22,2.28,2.38,2.46
9/4/2018,1.97,2,,,2.09,2.13,2.24,2.3,2.4,2.48
9/5/2018,1.97,2,,,2.1,2.14,2.25,2.31,2.4,2.48
9/6/2018,1.94,1.97,,,2.09,2.13,2.24,2.3,2.41,2.49
9/7/2018,1.94,1.97,,,2.1,2.14,2.24,2.3,2.43,2.51
9/10/2018,1.93,1.96,,,2.11,2.15,2.27,2.33,2.44,2.52
9/11/2018,1.99,2.02,,,2.11,2.15,2.26,2.32,2.47,2.55
9/12/2018,1.98,2.01,,,2.12,2.16,2.27,2.33,2.48,2.56
9/13/2018,1.97,2,,,2.11,2.15,2.27,2.33,2.47,2.55
9/14/2018,1.98,2.01,,,2.12,2.16,2.27,2.33,2.48,2.56
9/17/2018,1.97,2,,,2.13,2.17,2.3,2.36,2.48,2.56
9/18/2018,2.02,2.05,,,2.13,2.17,2.31,2.37,2.49,2.57
9/19/2018,2,2.03,,,2.12,2.16,2.3,2.36,2.49,2.57
9/20/2018,1.99,2.02,,,2.13,2.17,2.31,2.37,2.49,2.57
9/21/2018,2.01,2.04,,,2.14,2.18,2.32,2.38,2.49,2.57
9/24/2018,2.02,2.05,,,2.18,2.22,2.33,2.39,2.51,2.59
9/25/2018,2.09,2.12,,,2.17,2.21,2.32,2.38,2.5,2.58
9/26/2018,2.08,2.11,,,2.16,2.2,2.31,2.37,2.49,2.57
9/27/2018,2.07,2.1,,,2.14,2.18,2.31,2.37,2.49,2.57
9/28/2018,2.09,2.12,,,2.15,2.19,2.3,2.36,2.49,2.57
10/1/2018,2.09,2.12,,,2.19,2.23,2.34,2.4,2.5,2.58
10/2/2018,2.11,2.14,,,2.19,2.23,2.35,2.41,2.51,2.59
10/3/2018,2.12,2.15,,,2.19,2.23,2.35,2.41,2.52,2.6
10/4/2018,2.13,2.16,,,2.18,2.22,2.36,2.42,2.53,2.61
10/5/2018,2.12,2.15,,,2.18,2.22,2.35,2.41,2.54,2.62
10/9/2018,2.14,2.17,,,2.21,2.25,2.4,2.46,2.56,2.65
10/10/2018,2.14,2.17,,,2.23,2.27,2.39,2.45,2.58,2.67
10/11/2018,2.1,2.13,,,2.22,2.26,2.38,2.44,2.57,2.66
10/12/2018,2.1,2.13,,,2.23,2.27,2.38,2.44,2.57,2.66
10/15/2018,2.12,2.15,,,2.27,2.31,2.41,2.47,2.58,2.67
10/16/2018,2.16,2.19,2.17,2.21,2.26,2.3,2.4,2.46,2.57,2.66
10/17/2018,2.17,2.2,2.18,2.22,2.27,2.31,2.41,2.47,2.57,2.66
10/18/2018,2.16,2.19,2.18,2.22,2.27,2.31,2.41,2.47,2.58,2.67
10/19/2018,2.15,2.18,2.18,2.22,2.26,2.3,2.42,2.48,2.58,2.67
10/22/2018,2.14,2.17,2.18,2.22,2.3,2.35,2.43,2.49,2.58,2.67
10/23/2018,2.18,2.21,2.18,2.22,2.29,2.34,2.42,2.48,2.57,2.66
10/24/2018,2.17,2.2,2.18,2.22,2.29,2.34,2.41,2.47,2.55,2.63
10/25/2018,2.16,2.19,2.18,2.22,2.29,2.34,2.41,2.47,2.56,2.64
10/26/2018,2.13,2.16,2.15,2.19,2.28,2.32,2.41,2.47,2.54,2.62
10/29/2018,2.14,2.17,2.14,2.18,2.3,2.35,2.43,2.49,2.55,2.63
10/30/2018,2.17,2.2,2.21,2.25,2.29,2.34,2.42,2.48,2.56,2.64
10/31/2018,2.16,2.19,2.21,2.25,2.29,2.34,2.43,2.49,2.59,2.68
11/1/2018,2.17,2.2,2.23,2.27,2.27,2.31,2.43,2.49,2.57,2.65
11/2/2018,2.15,2.18,2.23,2.27,2.28,2.32,2.44,2.5,2.6,2.69
11/5/2018,2.15,2.18,2.23,2.27,2.32,2.37,2.45,2.52,2.6,2.69
11/6/2018,2.2,2.23,2.24,2.28,2.31,2.36,2.46,2.53,2.63,2.72
11/7/2018,2.19,2.22,2.24,2.28,2.32,2.37,2.45,2.52,2.65,2.74
11/8/2018,2.17,2.2,2.24,2.28,2.3,2.35,2.46,2.53,2.65,2.74
11/9/2018,2.16,2.19,2.25,2.29,2.31,2.36,2.46,2.52,2.64,2.73
11/13/2018,2.2,2.23,2.27,2.31,2.34,2.39,2.47,2.54,2.63,2.72
11/14/2018,2.19,2.22,2.28,2.32,2.33,2.38,2.46,2.53,2.62,2.71
11/15/2018,2.14,2.17,2.27,2.31,2.32,2.37,2.45,2.52,2.61,2.7
11/16/2018,2.15,2.18,2.26,2.3,2.31,2.36,2.44,2.5,2.59,2.68
11/19/2018,2.16,2.19,2.26,2.3,2.34,2.39,2.46,2.53,2.57,2.66
11/20/2018,2.19,2.22,2.3,2.34,2.34,2.39,2.45,2.52,2.58,2.67
11/21/2018,2.2,2.23,2.29,2.33,2.36,2.41,2.46,2.53,2.58,2.67
11/23/2018,2.19,2.22,2.29,2.33,2.36,2.41,2.46,2.52,2.58,2.67
11/26/2018,2.16,2.19,2.28,2.32,2.37,2.42,2.48,2.55,2.6,2.69
11/27/2018,2.27,2.31,2.32,2.36,2.36,2.41,2.47,2.54,2.6,2.69
11/28/2018,2.27,2.31,2.32,2.36,2.35,2.4,2.47,2.54,2.59,2.68
11/29/2018,2.27,2.31,2.29,2.33,2.32,2.37,2.46,2.53,2.59,2.68
11/30/2018,2.27,2.3,2.28,2.32,2.32,2.37,2.46,2.52,2.6,2.69
12/3/2018,2.25,2.28,2.29,2.33,2.34,2.39,2.5,2.57,2.62,2.71
12/4/2018,2.33,2.37,2.37,2.41,2.38,2.43,2.51,2.58,2.62,2.71
12/6/2018,2.32,2.36,2.38,2.42,2.36,2.41,2.49,2.56,2.61,2.7
12/7/2018,2.28,2.32,2.36,2.4,2.35,2.4,2.47,2.54,2.59,2.68
12/10/2018,2.28,2.32,2.34,2.38,2.37,2.42,2.48,2.55,2.6,2.69
12/11/2018,2.24,2.27,2.31,2.35,2.37,2.42,2.49,2.56,2.61,2.7
12/12/2018,2.25,2.28,2.32,2.36,2.39,2.44,2.49,2.56,2.61,2.7
12/13/2018,2.32,2.36,2.36,2.4,2.38,2.43,2.49,2.56,2.6,2.69
12/14/2018,2.32,2.36,2.37,2.41,2.37,2.42,2.49,2.56,2.59,2.68
12/17/2018,2.32,2.36,2.35,2.39,2.36,2.41,2.48,2.55,2.57,2.66
12/18/2018,2.3,2.34,2.35,2.39,2.34,2.39,2.47,2.54,2.55,2.63
12/19/2018,2.3,2.34,2.35,2.39,2.35,2.4,2.47,2.54,2.54,2.62
12/20/2018,2.38,2.42,2.38,2.42,2.34,2.39,2.48,2.55,2.55,2.63
12/21/2018,2.37,2.41,2.38,2.42,2.34,2.39,2.47,2.54,2.54,2.62
12/24/2018,2.38,2.42,2.38,2.42,2.41,2.46,2.46,2.53,2.53,2.61
12/26/2018,2.37,2.41,2.38,2.42,2.39,2.44,2.47,2.54,2.53,2.61
12/27/2018,2.39,2.43,2.42,2.46,2.36,2.41,2.43,2.49,2.5,2.58
12/28/2018,2.35,2.39,2.43,2.47,2.35,2.4,2.42,2.48,2.51,2.59
12/31/2018,2.4,2.44,2.41,2.45,2.4,2.45,2.5,2.57,2.54,2.63
1/2/2019,2.36,2.4,2.36,2.4,2.37,2.42,2.45,2.52,2.52,2.6
1/3/2019,2.38,2.42,2.38,2.42,2.36,2.41,2.41,2.47,2.42,2.5
1/4/2019,2.36,2.4,2.38,2.42,2.37,2.42,2.45,2.51,2.49,2.57
1/7/2019,2.38,2.42,2.38,2.42,2.41,2.46,2.48,2.55,2.5,2.58
1/8/2019,2.36,2.4,2.38,2.42,2.41,2.46,2.48,2.55,2.52,2.6
1/9/2019,2.36,2.4,2.38,2.42,2.4,2.45,2.46,2.53,2.51,2.59
1/10/2019,2.38,2.42,2.38,2.42,2.38,2.43,2.45,2.52,2.51,2.59
1/11/2019,2.37,2.41,2.39,2.43,2.38,2.43,2.44,2.5,2.5,2.58
1/14/2019,2.38,2.42,2.39,2.43,2.4,2.45,2.46,2.53,2.49,2.57
1/15/2019,2.37,2.41,2.39,2.43,2.4,2.45,2.46,2.53,2.49,2.57
1/16/2019,2.37,2.41,2.36,2.4,2.38,2.43,2.43,2.49,2.49,2.57
1/17/2019,2.37,2.41,2.37,2.41,2.37,2.42,2.44,2.5,2.49,2.57
1/18/2019,2.36,2.4,2.36,2.4,2.36,2.41,2.44,2.5,2.52,2.6
1/22/2019,2.34,2.38,2.36,2.4,2.38,2.43,2.45,2.52,2.51,2.59
1/23/2019,2.33,2.37,2.34,2.38,2.36,2.41,2.45,2.52,2.51,2.59
1/24/2019,2.34,2.38,2.37,2.41,2.32,2.37,2.44,2.5,2.5,2.58
1/25/2019,2.32,2.36,2.37,2.41,2.34,2.39,2.45,2.51,2.52,2.6
1/28/2019,2.35,2.39,2.37,2.41,2.37,2.42,2.45,2.52,2.52,2.6
1/29/2019,2.35,2.39,2.37,2.41,2.37,2.42,2.45,2.52,2.52,2.6
1/30/2019,2.36,2.4,2.35,2.39,2.37,2.42,2.44,2.5,2.49,2.57
1/31/2019,2.38,2.42,2.39,2.43,2.36,2.41,2.4,2.46,2.47,2.55
2/1/2019,2.37,2.41,2.38,2.42,2.35,2.4,2.4,2.46,2.48,2.56
2/4/2019,2.37,2.41,2.37,2.41,2.37,2.42,2.43,2.49,2.49,2.57
2/5/2019,2.35,2.39,2.36,2.4,2.37,2.42,2.44,2.5,2.48,2.56
2/6/2019,2.36,2.4,2.37,2.41,2.37,2.42,2.44,2.5,2.48,2.56
2/7/2019,2.39,2.43,2.39,2.43,2.37,2.42,2.43,2.49,2.47,2.55
2/8/2019,2.39,2.43,2.39,2.43,2.38,2.43,2.43,2.49,2.46,2.54
2/11/2019,2.4,2.44,2.4,2.44,2.4,2.45,2.45,2.52,2.47,2.55
2/12/2019,2.38,2.42,2.39,2.43,2.38,2.43,2.44,2.5,2.47,2.55
2/13/2019,2.38,2.42,2.38,2.42,2.39,2.44,2.45,2.52,2.47,2.55
2/14/2019,2.41,2.45,2.39,2.43,2.38,2.43,2.45,2.52,2.45,2.53
2/15/2019,2.39,2.43,2.39,2.43,2.38,2.43,2.44,2.5,2.47,2.55
2/19/2019,2.4,2.44,2.38,2.42,2.41,2.46,2.46,2.53,2.46,2.54
2/20/2019,2.37,2.41,2.38,2.42,2.4,2.45,2.45,2.52,2.46,2.54
2/21/2019,2.39,2.43,2.4,2.44,2.4,2.45,2.45,2.52,2.47,2.55
2/22/2019,2.39,2.43,2.41,2.45,2.41,2.46,2.45,2.51,2.47,2.55
2/25/2019,2.4,2.44,2.42,2.46,2.42,2.47,2.45,2.52,2.48,2.56
2/26/2019,2.39,2.43,2.4,2.44,2.4,2.45,2.45,2.52,2.47,2.55
2/27/2019,2.39,2.43,2.4,2.44,2.4,2.45,2.46,2.53,2.46,2.54
2/28/2019,2.4,2.44,2.42,2.47,2.4,2.45,2.44,2.5,2.46,2.54
3/1/2019,2.4,2.44,2.41,2.46,2.39,2.44,2.45,2.51,2.47,2.55
3/4/2019,2.4,2.44,2.41,2.46,2.41,2.47,2.47,2.54,2.46,2.54
3/5/2019,2.39,2.43,2.4,2.45,2.41,2.47,2.46,2.53,2.46,2.54
3/6/2019,2.38,2.42,2.39,2.44,2.41,2.47,2.46,2.53,2.46,2.54
3/7/2019,2.41,2.45,2.41,2.46,2.4,2.45,2.45,2.52,2.44,2.52
3/8/2019,2.41,2.45,2.41,2.46,2.41,2.46,2.45,2.52,2.45,2.53
3/11/2019,2.4,2.44,2.4,2.45,2.41,2.47,2.47,2.54,2.45,2.53
3/12/2019,2.39,2.43,2.41,2.46,2.41,2.47,2.46,2.53,2.44,2.52
3/13/2019,2.39,2.43,2.39,2.44,2.4,2.45,2.46,2.53,2.45,2.53
3/14/2019,2.43,2.48,2.41,2.46,2.4,2.45,2.45,2.52,2.44,2.52
3/15/2019,2.42,2.46,2.41,2.46,2.4,2.45,2.45,2.52,2.44,2.52
3/18/2019,2.43,2.48,2.41,2.46,2.39,2.44,2.44,2.51,2.44,2.52
3/19/2019,2.41,2.45,2.42,2.47,2.41,2.47,2.45,2.52,2.42,2.5
3/20/2019,2.41,2.45,2.4,2.45,2.42,2.48,2.42,2.49,2.4,2.48
3/21/2019,2.46,2.51,2.42,2.47,2.43,2.49,2.43,2.5,2.41,2.49
3/22/2019,2.44,2.49,2.43,2.48,2.41,2.46,2.41,2.48,2.38,2.45
3/25/2019,2.42,2.46,2.42,2.47,2.41,2.47,2.42,2.49,2.35,2.42
3/26/2019,2.42,2.46,2.39,2.44,2.41,2.47,2.42,2.49,2.36,2.44
3/27/2019,2.41,2.45,2.38,2.43,2.39,2.44,2.39,2.46,2.32,2.4
3/28/2019,2.4,2.44,2.4,2.45,2.38,2.43,2.37,2.44,2.32,2.4
3/29/2019,2.39,2.43,2.39,2.44,2.35,2.4,2.37,2.44,2.32,2.4
4/1/2019,2.38,2.42,2.38,2.43,2.38,2.43,2.39,2.46,2.33,2.41
4/2/2019,2.39,2.43,2.37,2.42,2.37,2.42,2.38,2.45,2.33,2.41
4/3/2019,2.38,2.42,2.38,2.43,2.39,2.44,2.38,2.45,2.33,2.41
4/4/2019,2.39,2.43,2.38,2.43,2.39,2.44,2.39,2.46,2.33,2.41
4/5/2019,2.38,2.42,2.38,2.43,2.39,2.44,2.39,2.46,2.35,2.43
4/8/2019,2.39,2.43,2.39,2.44,2.38,2.43,2.41,2.48,2.35,2.43
4/9/2019,2.38,2.42,2.38,2.43,2.37,2.42,2.39,2.46,2.34,2.42
4/10/2019,2.36,2.4,2.36,2.41,2.38,2.43,2.39,2.46,2.33,2.41
4/11/2019,2.38,2.42,2.38,2.43,2.38,2.43,2.39,2.46,2.36,2.44
4/12/2019,2.37,2.41,2.38,2.43,2.39,2.44,2.4,2.47,2.36,2.44
4/15/2019,2.38,2.42,2.38,2.43,2.38,2.43,2.39,2.46,2.35,2.43
4/16/2019,2.39,2.43,2.39,2.44,2.38,2.43,2.4,2.47,2.37,2.45
4/17/2019,2.38,2.42,2.39,2.44,2.39,2.44,2.4,2.47,2.36,2.44
4/18/2019,2.4,2.44,2.39,2.44,2.37,2.42,2.4,2.47,2.36,2.44
4/22/2019,2.4,2.44,2.39,2.44,2.39,2.44,2.4,2.47,2.38,2.46
4/23/2019,2.39,2.43,2.39,2.44,2.4,2.45,2.39,2.46,2.35,2.43
4/24/2019,2.38,2.42,2.38,2.43,2.39,2.44,2.39,2.46,2.34,2.42
4/25/2019,2.39,2.43,2.39,2.44,2.38,2.43,2.39,2.46,2.34,2.42
4/26/2019,2.38,2.42,2.38,2.43,2.37,2.42,2.39,2.46,2.33,2.41
4/29/2019,2.41,2.45,2.4,2.45,2.39,2.44,2.4,2.47,2.34,2.42
4/30/2019,2.38,2.42,2.39,2.44,2.38,2.43,2.39,2.46,2.31,2.39
5/1/2019,2.38,2.42,2.36,2.41,2.38,2.43,2.37,2.44,2.31,2.39
5/2/2019,2.4,2.44,2.41,2.46,2.41,2.47,2.39,2.46,2.33,2.41
5/3/2019,2.38,2.42,2.39,2.44,2.38,2.43,2.39,2.46,2.33,2.41
5/6/2019,2.39,2.43,2.39,2.44,2.39,2.44,2.39,2.46,2.31,2.39
5/7/2019,2.39,2.43,2.39,2.44,2.38,2.43,2.39,2.46,2.3,2.38
5/8/2019,2.38,2.42,2.38,2.43,2.38,2.43,2.38,2.45,2.3,2.38
5/9/2019,2.39,2.43,2.38,2.43,2.38,2.43,2.39,2.46,2.29,2.37
5/10/2019,2.38,2.42,2.38,2.43,2.38,2.43,2.38,2.45,2.29,2.37
5/13/2019,2.37,2.41,2.37,2.42,2.36,2.41,2.35,2.42,2.25,2.33
5/14/2019,2.37,2.41,2.37,2.42,2.36,2.41,2.36,2.43,2.25,2.33
5/15/2019,2.36,2.4,2.36,2.41,2.37,2.42,2.36,2.43,2.24,2.31
5/16/2019,2.36,2.4,2.36,2.41,2.35,2.4,2.36,2.43,2.26,2.34
5/17/2019,2.35,2.39,2.35,2.4,2.34,2.39,2.35,2.42,2.26,2.34
5/20/2019,2.35,2.39,2.34,2.39,2.34,2.39,2.35,2.42,2.27,2.35
5/21/2019,2.33,2.37,2.33,2.38,2.34,2.39,2.35,2.42,2.28,2.36
5/22/2019,2.32,2.36,2.32,2.37,2.33,2.38,2.34,2.41,2.29,2.37
5/23/2019,2.34,2.38,2.33,2.38,2.32,2.37,2.33,2.4,2.24,2.32
5/24/2019,2.33,2.37,2.33,2.38,2.3,2.35,2.32,2.39,2.25,2.33
5/28/2019,2.31,2.35,2.31,2.36,2.32,2.37,2.31,2.38,2.24,2.32
5/29/2019,2.31,2.35,2.31,2.36,2.32,2.37,2.31,2.38,2.23,2.31
5/30/2019,2.33,2.37,2.33,2.38,2.33,2.38,2.33,2.4,2.22,2.29
5/31/2019,2.31,2.35,2.33,2.38,2.3,2.35,2.29,2.35,2.15,2.22
6/3/2019,2.32,2.36,2.31,2.36,2.3,2.35,2.24,2.3,2.06,2.13
6/4/2019,2.3,2.34,2.31,2.36,2.3,2.35,2.23,2.29,2.06,2.13
6/5/2019,2.26,2.3,2.3,2.35,2.3,2.35,2.19,2.25,1.99,2.05
6/6/2019,2.28,2.32,2.3,2.35,2.28,2.33,2.16,2.22,1.97,2.03
6/7/2019,2.26,2.3,2.28,2.33,2.23,2.28,2.1,2.16,1.92,1.98
6/10/2019,2.26,2.3,2.26,2.31,2.24,2.29,2.15,2.21,1.98,2.04
6/11/2019,2.23,2.27,2.22,2.26,2.22,2.27,2.15,2.21,2,2.06
6/12/2019,2.15,2.19,2.17,2.21,2.19,2.24,2.14,2.2,1.97,2.03
6/13/2019,2.2,2.24,2.19,2.23,2.14,2.19,2.12,2.18,1.95,2.01
6/14/2019,2.19,2.23,2.17,2.21,2.15,2.2,2.12,2.18,1.95,2.01
6/17/2019,2.18,2.22,2.17,2.21,2.18,2.23,2.14,2.2,1.99,2.05
6/18/2019,2.14,2.18,2.15,2.19,2.17,2.22,2.14,2.2,1.98,2.04
6/19/2019,2.1,2.14,2.13,2.17,2.13,2.18,2.05,2.11,1.9,1.96
6/20/2019,2.13,2.17,2.11,2.15,2.09,2.14,1.99,2.04,1.85,1.91
6/21/2019,2.12,2.16,2.12,2.16,2.07,2.12,2,2.05,1.89,1.95
6/24/2019,2.08,2.12,2.09,2.13,2.08,2.13,2.04,2.1,1.87,1.93
6/25/2019,2.07,2.11,2.08,2.12,2.07,2.12,2.04,2.1,1.88,1.94
6/26/2019,2.07,2.11,2.08,2.12,2.1,2.15,2.06,2.12,1.91,1.97
6/27/2019,2.15,2.19,2.11,2.15,2.09,2.14,2.06,2.12,1.88,1.94
6/28/2019,2.14,2.18,2.11,2.15,2.08,2.13,2.04,2.1,1.87,1.93
7/1/2019,2.13,2.17,2.11,2.15,2.16,2.21,2.04,2.1,1.89,1.95
7/2/2019,2.18,2.22,2.13,2.17,2.15,2.2,2.03,2.09,1.86,1.92
7/3/2019,2.21,2.25,2.16,2.2,2.16,2.21,2.03,2.09,1.86,1.92
7/5/2019,2.22,2.26,2.18,2.22,2.18,2.23,2.09,2.15,1.93,1.99
7/8/2019,2.19,2.23,2.19,2.23,2.21,2.26,2.08,2.14,1.94,2
7/9/2019,2.18,2.22,2.19,2.23,2.21,2.26,2.09,2.15,1.95,2.01
7/10/2019,2.14,2.18,2.13,2.17,2.15,2.2,2.02,2.07,1.88,1.94
7/11/2019,2.13,2.17,2.13,2.17,2.12,2.17,2.03,2.09,1.92,1.98
7/12/2019,2.12,2.16,2.14,2.18,2.1,2.15,2.02,2.07,1.91,1.97
7/15/2019,2.13,2.17,2.15,2.19,2.11,2.16,2,2.05,1.9,1.96
7/16/2019,2.12,2.16,2.13,2.17,2.1,2.15,2.01,2.06,1.94,2
7/17/2019,2.09,2.13,2.1,2.14,2.09,2.14,1.99,2.04,1.89,1.95
7/18/2019,2.07,2.11,2.08,2.12,2.01,2.05,1.96,2.01,1.84,1.9
7/19/2019,2.07,2.11,2.12,2.16,2.02,2.06,1.98,2.03,1.88,1.94
7/22/2019,2.09,2.13,2.12,2.16,2.04,2.08,2.02,2.07,1.89,1.95
7/23/2019,2.07,2.11,2.12,2.16,2.02,2.06,2.03,2.09,1.91,1.97
7/24/2019,2.05,2.09,2.1,2.14,2.05,2.1,2.03,2.09,1.92,1.98
7/25/2019,2.12,2.16,2.13,2.17,2.06,2.11,2.03,2.09,1.93,1.99
7/26/2019,2.09,2.13,2.11,2.15,2.08,2.13,2.05,2.11,1.94,2
7/29/2019,2.08,2.12,2.12,2.16,2.07,2.12,2.04,2.1,1.93,1.99
7/30/2019,2.03,2.07,2.06,2.1,2.04,2.08,2.02,2.07,1.92,1.98
7/31/2019,1.96,2,2.02,2.06,2.04,2.08,2.04,2.1,1.94,2
8/1/2019,2.07,2.11,2.1,2.14,2.03,2.07,1.99,2.04,1.83,1.89
8/2/2019,2.07,2.11,2.08,2.12,2.02,2.06,1.97,2.02,1.81,1.86
8/5/2019,2.03,2.07,2.04,2.08,2,2.04,1.94,1.99,1.74,1.79
8/6/2019,2.01,2.05,2.04,2.08,2.01,2.05,1.95,2,1.76,1.81
8/7/2019,1.98,2.02,2,2.04,1.98,2.02,1.9,1.95,1.72,1.77
8/8/2019,2.05,2.09,2.03,2.07,1.98,2.02,1.91,1.96,1.75,1.8
8/9/2019,2.01,2.05,2.02,2.06,1.96,2,1.9,1.95,1.74,1.79
8/12/2019,2.05,2.09,2.03,2.07,1.96,2,1.89,1.94,1.72,1.77
8/13/2019,2.01,2.05,2,2.04,1.96,2,1.91,1.96,1.8,1.86
8/14/2019,1.95,1.99,1.94,1.98,1.92,1.96,1.87,1.92,1.74,1.79
8/15/2019,2.04,2.08,1.93,1.97,1.87,1.91,1.81,1.86,1.67,1.72
8/16/2019,2.01,2.05,1.92,1.96,1.83,1.87,1.8,1.85,1.66,1.71
8/19/2019,2.03,2.07,1.93,1.97,1.9,1.94,1.85,1.9,1.7,1.75
8/20/2019,2.03,2.07,1.92,1.96,1.9,1.94,1.84,1.89,1.68,1.73
8/21/2019,2.01,2.05,1.94,1.98,1.93,1.97,1.85,1.9,1.72,1.77
8/22/2019,2.06,2.1,1.98,2.02,1.96,2,1.86,1.91,1.74,1.79
8/23/2019,2.03,2.07,1.98,2.02,1.93,1.97,1.83,1.88,1.69,1.74
8/26/2019,2.06,2.1,1.99,2.03,1.96,2,1.85,1.9,1.71,1.76
8/27/2019,2.04,2.08,2,2.04,1.94,1.98,1.89,1.94,1.73,1.78
8/28/2019,2.03,2.07,2.01,2.05,1.95,1.99,1.84,1.89,1.7,1.75
8/29/2019,2.06,2.1,1.99,2.03,1.95,1.99,1.84,1.89,1.71,1.76
8/30/2019,2.06,2.1,2,2.04,1.95,1.99,1.84,1.89,1.72,1.77
9/3/2019,2.03,2.07,1.98,2.02,1.94,1.98,1.83,1.88,1.69,1.74
9/4/2019,2.01,2.05,1.99,2.03,1.93,1.97,1.82,1.87,1.66,1.71
9/5/2019,2.01,2.05,1.97,2.01,1.93,1.97,1.83,1.88,1.7,1.75
9/6/2019,2.01,2.05,1.96,2,1.92,1.96,1.83,1.88,1.7,1.75
9/9/2019,2.01,2.05,1.96,2,1.92,1.96,1.82,1.87,1.71,1.76
9/10/2019,2.01,2.05,1.96,2,1.91,1.95,1.84,1.89,1.76,1.81
9/11/2019,1.98,2.02,1.94,1.98,1.92,1.96,1.83,1.88,1.74,1.79
9/12/2019,1.95,1.99,1.93,1.97,1.91,1.95,1.85,1.9,1.77,1.82
9/13/2019,1.95,1.99,1.94,1.98,1.92,1.96,1.87,1.92,1.82,1.88
9/16/2019,2.05,2.09,1.98,2.02,1.95,1.99,1.88,1.93,1.81,1.87
9/17/2019,2.06,2.1,2.03,2.07,1.95,1.99,1.88,1.93,1.82,1.88
9/18/2019,1.91,1.94,1.89,1.93,1.91,1.95,1.86,1.91,1.82,1.88
9/19/2019,1.97,2.01,1.95,1.99,1.89,1.93,1.87,1.92,1.83,1.89
9/20/2019,1.92,1.95,1.9,1.94,1.87,1.91,1.86,1.91,1.79,1.84
9/23/2019,1.91,1.94,1.9,1.94,1.9,1.94,1.88,1.93,1.76,1.81
9/24/2019,1.87,1.9,1.86,1.9,1.88,1.92,1.86,1.91,1.74,1.79
9/25/2019,1.76,1.79,1.82,1.86,1.85,1.89,1.85,1.9,1.77,1.82
9/26/2019,1.88,1.91,1.86,1.9,1.79,1.83,1.83,1.88,1.74,1.79
9/27/2019,1.87,1.9,1.83,1.87,1.76,1.8,1.8,1.85,1.7,1.75
9/30/2019,1.88,1.91,1.83,1.87,1.84,1.88,1.78,1.83,1.71,1.76
10/1/2019,1.76,1.79,1.73,1.76,1.78,1.82,1.76,1.81,1.69,1.74
10/2/2019,1.72,1.75,1.71,1.74,1.75,1.79,1.71,1.75,1.63,1.68
10/3/2019,1.75,1.78,1.72,1.75,1.67,1.7,1.62,1.66,1.55,1.59
10/4/2019,1.7,1.73,1.71,1.74,1.68,1.71,1.61,1.65,1.55,1.59
10/7/2019,1.73,1.76,1.73,1.76,1.71,1.75,1.69,1.73,1.61,1.66
10/8/2019,1.65,1.68,1.69,1.72,1.68,1.72,1.65,1.69,1.57,1.62
10/9/2019,1.66,1.69,1.67,1.7,1.66,1.69,1.65,1.69,1.55,1.59
10/10/2019,1.71,1.74,1.68,1.71,1.65,1.68,1.64,1.68,1.58,1.63
10/11/2019,1.73,1.76,1.71,1.74,1.65,1.68,1.64,1.68,1.62,1.67
10/15/2019,1.71,1.74,1.69,1.72,1.64,1.67,1.63,1.67,1.6,1.65
10/16/2019,1.69,1.72,1.65,1.68,1.63,1.66,1.6,1.64,1.55,1.59
10/17/2019,1.71,1.74,1.67,1.7,1.63,1.66,1.59,1.63,1.55,1.59
10/18/2019,1.72,1.75,1.66,1.69,1.63,1.66,1.59,1.63,1.54,1.58
10/21/2019,1.73,1.76,1.67,1.7,1.64,1.67,1.61,1.65,1.55,1.59
10/22/2019,1.73,1.76,1.67,1.7,1.62,1.65,1.6,1.64,1.55,1.59
10/23/2019,1.72,1.75,1.67,1.7,1.62,1.65,1.6,1.64,1.54,1.58
10/24/2019,1.72,1.75,1.7,1.73,1.64,1.67,1.61,1.65,1.55,1.59
10/25/2019,1.7,1.73,1.69,1.72,1.63,1.66,1.62,1.66,1.56,1.6
10/28/2019,1.71,1.74,1.68,1.71,1.62,1.65,1.61,1.65,1.56,1.6
10/29/2019,1.63,1.66,1.64,1.67,1.6,1.63,1.6,1.64,1.55,1.59
10/30/2019,1.59,1.62,1.57,1.6,1.59,1.62,1.58,1.62,1.55,1.59
10/31/2019,1.56,1.59,1.56,1.59,1.51,1.54,1.53,1.57,1.49,1.53
11/1/2019,1.55,1.58,1.55,1.58,1.49,1.52,1.51,1.55,1.49,1.53
11/4/2019,1.55,1.58,1.54,1.57,1.5,1.53,1.53,1.57,1.52,1.56
11/5/2019,1.53,1.56,1.54,1.57,1.53,1.56,1.54,1.58,1.57,1.62
11/6/2019,1.52,1.55,1.53,1.56,1.53,1.56,1.53,1.57,1.54,1.58
11/7/2019,1.54,1.57,1.54,1.57,1.53,1.56,1.54,1.58,1.54,1.58
11/8/2019,1.53,1.56,1.53,1.56,1.52,1.55,1.54,1.58,1.54,1.58
11/12/2019,1.53,1.56,1.53,1.56,1.56,1.59,1.55,1.59,1.54,1.58
11/13/2019,1.53,1.56,1.54,1.57,1.54,1.57,1.55,1.59,1.53,1.57
11/14/2019,1.56,1.59,1.54,1.57,1.54,1.57,1.54,1.58,1.51,1.55
11/15/2019,1.56,1.59,1.53,1.56,1.54,1.57,1.55,1.59,1.5,1.54
11/18/2019,1.56,1.59,1.54,1.57,1.54,1.57,1.54,1.58,1.5,1.54
11/19/2019,1.55,1.58,1.54,1.57,1.54,1.57,1.54,1.58,1.5,1.54
11/20/2019,1.54,1.57,1.53,1.56,1.54,1.57,1.54,1.58,1.5,1.54
11/21/2019,1.54,1.57,1.54,1.57,1.55,1.58,1.55,1.59,1.51,1.55
11/22/2019,1.55,1.58,1.56,1.59,1.55,1.58,1.55,1.59,1.52,1.56
11/25/2019,1.57,1.6,1.57,1.6,1.58,1.61,1.57,1.61,1.54,1.58
11/26/2019,1.6,1.63,1.58,1.61,1.57,1.6,1.58,1.62,1.55,1.59
11/27/2019,1.62,1.65,1.57,1.6,1.59,1.62,1.59,1.63,1.56,1.6
11/29/2019,1.59,1.62,1.57,1.6,1.56,1.59,1.59,1.63,1.56,1.6
12/2/2019,1.58,1.61,1.55,1.58,1.57,1.6,1.58,1.62,1.56,1.6
12/3/2019,1.54,1.57,1.51,1.54,1.54,1.57,1.53,1.57,1.53,1.57
12/4/2019,1.58,1.61,1.51,1.54,1.52,1.55,1.52,1.56,1.52,1.56
12/5/2019,1.49,1.52,1.53,1.56,1.51,1.54,1.51,1.55,1.52,1.56
12/6/2019,1.49,1.52,1.52,1.55,1.5,1.53,1.52,1.56,1.53,1.57
12/9/2019,1.51,1.54,1.51,1.54,1.51,1.54,1.54,1.58,1.52,1.56
12/10/2019,1.5,1.53,1.52,1.55,1.53,1.56,1.53,1.57,1.52,1.56
12/11/2019,1.51,1.54,1.53,1.56,1.54,1.57,1.54,1.58,1.51,1.55
12/12/2019,1.54,1.57,1.54,1.57,1.53,1.56,1.53,1.57,1.51,1.55
12/13/2019,1.52,1.55,1.54,1.57,1.54,1.57,1.52,1.56,1.49,1.53
12/16/2019,1.54,1.57,1.54,1.57,1.54,1.57,1.54,1.58,1.5,1.54
12/17/2019,1.53,1.56,1.53,1.56,1.53,1.56,1.54,1.58,1.49,1.53
12/18/2019,1.53,1.56,1.54,1.57,1.53,1.56,1.54,1.58,1.5,1.54
12/19/2019,1.51,1.54,1.55,1.58,1.54,1.57,1.53,1.57,1.48,1.52
12/20/2019,1.54,1.57,1.56,1.59,1.55,1.58,1.54,1.58,1.48,1.52
12/23/2019,1.54,1.57,1.54,1.57,1.56,1.59,1.56,1.6,1.49,1.53
12/24/2019,1.52,1.55,1.55,1.58,1.55,1.58,1.57,1.61,1.49,1.53
12/26/2019,1.56,1.59,1.57,1.6,1.55,1.58,1.57,1.61,1.49,1.53
12/27/2019,1.53,1.56,1.53,1.56,1.54,1.57,1.55,1.59,1.47,1.51
12/30/2019,1.48,1.51,1.5,1.53,1.54,1.57,1.56,1.6,1.53,1.57
12/31/2019,1.45,1.48,1.48,1.51,1.52,1.55,1.56,1.6,1.55,1.59
1/2/2020,1.5,1.53,1.52,1.55,1.51,1.54,1.53,1.57,1.52,1.56
1/3/2020,1.49,1.52,1.52,1.55,1.49,1.52,1.51,1.55,1.51,1.55
1/6/2020,1.51,1.54,1.51,1.54,1.53,1.56,1.52,1.56,1.5,1.54
1/7/2020,1.49,1.52,1.5,1.53,1.51,1.54,1.52,1.56,1.49,1.53
1/8/2020,1.47,1.5,1.5,1.53,1.51,1.54,1.52,1.56,1.51,1.55
1/9/2020,1.5,1.53,1.52,1.55,1.51,1.54,1.52,1.56,1.5,1.54
1/10/2020,1.49,1.52,1.52,1.55,1.51,1.54,1.51,1.55,1.49,1.53
1/13/2020,1.51,1.54,1.53,1.56,1.54,1.57,1.53,1.57,1.49,1.53
1/14/2020,1.5,1.53,1.53,1.56,1.54,1.57,1.53,1.57,1.49,1.53
1/15/2020,1.5,1.53,1.53,1.56,1.54,1.57,1.54,1.58,1.5,1.54
1/16/2020,1.51,1.54,1.53,1.56,1.52,1.55,1.52,1.56,1.5,1.54
1/17/2020,1.51,1.54,1.53,1.56,1.53,1.56,1.53,1.57,1.52,1.56
1/21/2020,1.49,1.52,1.51,1.54,1.53,1.56,1.53,1.57,1.5,1.54
1/22/2020,1.49,1.52,1.5,1.53,1.52,1.55,1.52,1.56,1.51,1.55
1/23/2020,1.52,1.55,1.54,1.57,1.52,1.55,1.52,1.56,1.51,1.55
1/24/2020,1.51,1.54,1.52,1.55,1.51,1.54,1.51,1.55,1.51,1.55
1/27/2020,1.5,1.53,1.52,1.55,1.52,1.55,1.53,1.57,1.5,1.54
1/28/2020,1.5,1.53,1.54,1.57,1.54,1.57,1.54,1.58,1.49,1.53
1/29/2020,1.49,1.52,1.52,1.55,1.53,1.56,1.53,1.57,1.47,1.51
1/30/2020,1.56,1.59,1.55,1.58,1.54,1.57,1.53,1.57,1.44,1.48
1/31/2020,1.53,1.56,1.54,1.57,1.52,1.55,1.5,1.54,1.41,1.45
2/3/2020,1.53,1.56,1.54,1.57,1.54,1.57,1.52,1.56,1.42,1.46
2/4/2020,1.52,1.55,1.54,1.57,1.54,1.57,1.53,1.57,1.44,1.48
2/5/2020,1.52,1.55,1.53,1.56,1.54,1.57,1.53,1.57,1.45,1.49
2/6/2020,1.56,1.59,1.56,1.59,1.54,1.57,1.54,1.58,1.47,1.51
2/7/2020,1.54,1.57,1.55,1.58,1.53,1.56,1.53,1.57,1.45,1.49
2/10/2020,1.55,1.58,1.55,1.58,1.55,1.58,1.54,1.58,1.42,1.46
2/11/2020,1.54,1.57,1.55,1.58,1.54,1.57,1.51,1.55,1.44,1.48
2/12/2020,1.54,1.57,1.56,1.59,1.55,1.58,1.52,1.56,1.45,1.49
2/13/2020,1.56,1.59,1.56,1.59,1.56,1.59,1.52,1.56,1.45,1.49
2/14/2020,1.57,1.6,1.57,1.6,1.55,1.58,1.52,1.56,1.45,1.49
2/18/2020,1.58,1.61,1.57,1.6,1.55,1.58,1.52,1.56,1.44,1.48
2/19/2020,1.58,1.61,1.58,1.61,1.55,1.58,1.52,1.56,1.44,1.48
2/20/2020,1.58,1.61,1.57,1.6,1.55,1.58,1.51,1.55,1.43,1.47
2/21/2020,1.57,1.6,1.57,1.6,1.53,1.56,1.49,1.53,1.4,1.44
2/24/2020,1.57,1.6,1.56,1.59,1.5,1.53,1.45,1.49,1.33,1.36
2/25/2020,1.56,1.59,1.55,1.58,1.5,1.53,1.43,1.46,1.27,1.3
2/26/2020,1.56,1.59,1.54,1.57,1.5,1.53,1.39,1.42,1.23,1.26
2/27/2020,1.54,1.56,1.5,1.52,1.42,1.45,1.3,1.33,1.15,1.18
2/28/2020,1.43,1.45,1.35,1.37,1.25,1.27,1.09,1.11,0.95,0.97
3/2/2020,1.4,1.42,1.27,1.29,1.1,1.12,0.93,0.95,0.87,0.89
3/3/2020,1.1,1.12,1.05,1.07,0.93,0.95,0.82,0.83,0.71,0.73
3/4/2020,1,1.01,0.89,0.9,0.71,0.72,0.67,0.68,0.58,0.59
3/5/2020,0.91,0.92,0.82,0.83,0.61,0.62,0.52,0.53,0.47,0.48
3/6/2020,0.78,0.79,0.64,0.65,0.45,0.46,0.4,0.41,0.38,0.39
3/9/2020,0.56,0.57,0.53,0.54,0.32,0.32,0.27,0.27,0.3,0.31
3/10/2020,0.56,0.57,0.55,0.56,0.43,0.44,0.42,0.43,0.42,0.43
3/11/2020,0.41,0.42,0.42,0.43,0.41,0.42,0.39,0.4,0.39,0.4
3/12/2020,0.4,0.41,0.33,0.33,0.33,0.33,0.36,0.37,0.38,0.39
3/13/2020,0.33,0.33,0.3,0.3,0.27,0.27,0.37,0.38,0.37,0.38
3/16/2020,0.25,0.25,0.25,0.25,0.24,0.24,0.29,0.29,0.28,0.29
3/17/2020,0.11,0.11,0.18,0.18,0.19,0.19,0.24,0.24,0.29,0.3
3/18/2020,0.04,0.04,0.03,0.03,0.02,0.02,0.08,0.08,0.19,0.19
3/19/2020,0.04,0.04,0.04,0.04,0.04,0.04,0.06,0.06,0.18,0.18
3/20/2020,0.04,0.04,0.05,0.05,0.05,0.05,0.05,0.05,0.13,0.13
3/23/2020,0.01,0.01,0.04,0.04,0.02,0.02,0.08,0.08,0.16,0.16
3/24/2020,0.01,0.01,0.01,0.01,0.01,0.01,0.09,0.09,0.25,0.25
3/25/2020,-0.04,-0.04,-0.03,-0.03,-0.04,-0.04,0.07,0.07,0.19,0.19
3/26/2020,0.01,0.01,0.01,0.01,-0.05,-0.05,0.04,0.04,0.13,0.13
3/27/2020,0.01,0.01,0.03,0.03,0.03,0.03,0.02,0.02,0.11,0.11
3/30/2020,0.04,0.04,0.06,0.06,0.12,0.12,0.12,0.12,0.14,0.14
3/31/2020,0.04,0.04,0.12,0.12,0.11,0.11,0.15,0.15,0.17,0.17
4/1/2020,0.03,0.03,0.06,0.06,0.09,0.09,0.14,0.14,0.16,0.16
4/2/2020,0.09,0.09,0.1,0.1,0.09,0.09,0.15,0.15,0.14,0.14
4/3/2020,0.09,0.09,0.11,0.11,0.1,0.1,0.15,0.15,0.15,0.15
4/6/2020,0.09,0.09,0.13,0.13,0.15,0.15,0.17,0.17,0.19,0.19
4/7/2020,0.09,0.09,0.13,0.13,0.14,0.14,0.2,0.2,0.19,0.19
4/8/2020,0.14,0.14,0.16,0.16,0.22,0.22,0.24,0.24,0.23,0.23
4/9/2020,0.2,0.2,0.27,0.27,0.25,0.25,0.24,0.24,0.25,0.25
4/13/2020,0.16,0.16,0.29,0.29,0.26,0.26,0.27,0.27,0.27,0.27
4/14/2020,0.17,0.17,0.18,0.18,0.2,0.2,0.24,0.24,0.25,0.25
4/15/2020,0.13,0.13,0.15,0.15,0.14,0.14,0.19,0.19,0.19,0.19
4/16/2020,0.14,0.14,0.15,0.15,0.14,0.14,0.18,0.18,0.17,0.17
4/17/2020,0.12,0.12,0.12,0.12,0.12,0.12,0.16,0.16,0.16,0.16
4/20/2020,0.1,0.1,0.1,0.1,0.12,0.12,0.15,0.15,0.15,0.15
4/21/2020,0.08,0.08,0.08,0.08,0.11,0.11,0.14,0.14,0.17,0.17
4/22/2020,0.09,0.09,0.09,0.09,0.12,0.12,0.14,0.14,0.16,0.16
4/23/2020,0.09,0.09,0.12,0.12,0.11,0.11,0.14,0.14,0.17,0.17
4/24/2020,0.1,0.1,0.11,0.11,0.12,0.12,0.14,0.14,0.18,0.18
4/27/2020,0.09,0.09,0.13,0.13,0.12,0.12,0.15,0.15,0.17,0.17
4/28/2020,0.08,0.08,0.09,0.09,0.11,0.11,0.13,0.13,0.16,0.16
4/29/2020,0.1,0.1,0.09,0.09,0.1,0.1,0.12,0.12,0.18,0.18
4/30/2020,0.1,0.1,0.1,0.1,0.09,0.09,0.11,0.11,0.16,0.16
5/1/2020,0.1,0.1,0.11,0.11,0.12,0.12,0.12,0.12,0.17,0.17
5/4/2020,0.1,0.1,0.1,0.1,0.13,0.13,0.14,0.14,0.16,0.16
5/5/2020,0.09,0.09,0.11,0.11,0.13,0.13,0.15,0.15,0.16,0.16
5/6/2020,0.08,0.08,0.1,0.1,0.12,0.12,0.16,0.16,0.16,0.16
5/7/2020,0.1,0.1,0.11,0.11,0.11,0.11,0.14,0.14,0.15,0.15
5/8/2020,0.1,0.1,0.11,0.11,0.12,0.12,0.15,0.15,0.15,0.15
5/11/2020,0.09,0.09,0.11,0.11,0.12,0.12,0.16,0.16,0.16,0.16
5/12/2020,0.1,0.1,0.11,0.11,0.13,0.13,0.16,0.16,0.16,0.16
5/13/2020,0.1,0.1,0.1,0.1,0.13,0.13,0.15,0.15,0.15,0.15
5/14/2020,0.09,0.09,0.1,0.1,0.12,0.12,0.15,0.15,0.15,0.15
5/15/2020,0.09,0.09,0.09,0.09,0.12,0.12,0.15,0.15,0.15,0.15
5/18/2020,0.1,0.1,0.11,0.11,0.13,0.13,0.15,0.15,0.17,0.17
5/19/2020,0.09,0.09,0.11,0.11,0.13,0.13,0.15,0.15,0.16,0.16
5/20/2020,0.08,0.08,0.1,0.1,0.12,0.12,0.14,0.14,0.16,0.16
5/21/2020,0.09,0.09,0.11,0.11,0.12,0.12,0.14,0.14,0.16,0.16
5/22/2020,0.09,0.09,0.11,0.11,0.12,0.12,0.16,0.16,0.17,0.17
5/26/2020,0.1,0.1,0.12,0.12,0.14,0.14,0.17,0.17,0.17,0.17
5/27/2020,0.1,0.1,0.13,0.13,0.15,0.15,0.17,0.17,0.18,0.18
5/28/2020,0.14,0.14,0.15,0.15,0.15,0.15,0.18,0.18,0.17,0.17
5/29/2020,0.13,0.13,0.14,0.14,0.14,0.14,0.18,0.18,0.17,0.17
6/1/2020,0.12,0.12,0.14,0.14,0.14,0.14,0.18,0.18,0.17,0.17
6/2/2020,0.12,0.12,0.13,0.13,0.15,0.15,0.18,0.18,0.17,0.17
6/3/2020,0.12,0.12,0.13,0.13,0.16,0.16,0.19,0.19,0.17,0.17
6/4/2020,0.13,0.13,0.15,0.15,0.15,0.15,0.18,0.18,0.17,0.17
6/5/2020,0.13,0.13,0.14,0.14,0.15,0.15,0.18,0.18,0.18,0.18
6/8/2020,0.15,0.15,0.15,0.15,0.17,0.17,0.19,0.19,0.19,0.19
6/9/2020,0.14,0.14,0.16,0.16,0.19,0.19,0.19,0.19,0.19,0.19
6/10/2020,0.13,0.13,0.15,0.15,0.17,0.17,0.19,0.19,0.18,0.18
6/11/2020,0.14,0.14,0.16,0.16,0.17,0.17,0.18,0.18,0.19,0.19
6/12/2020,0.14,0.14,0.15,0.15,0.16,0.16,0.18,0.18,0.18,0.18
6/15/2020,0.15,0.15,0.16,0.16,0.18,0.18,0.19,0.19,0.17,0.17
6/16/2020,0.14,0.14,0.15,0.15,0.17,0.17,0.19,0.19,0.18,0.18
6/17/2020,0.13,0.13,0.14,0.14,0.17,0.17,0.18,0.18,0.19,0.19
6/18/2020,0.13,0.13,0.14,0.14,0.16,0.16,0.17,0.17,0.19,0.19
6/19/2020,0.13,0.13,0.14,0.14,0.15,0.15,0.17,0.17,0.18,0.18
6/22/2020,0.14,0.14,0.15,0.15,0.16,0.16,0.18,0.18,0.17,0.17
6/23/2020,0.12,0.12,0.13,0.13,0.16,0.16,0.17,0.17,0.18,0.18
6/24/2020,0.11,0.11,0.13,0.13,0.15,0.15,0.17,0.17,0.17,0.17
6/25/2020,0.13,0.13,0.14,0.14,0.16,0.16,0.17,0.17,0.17,0.17
6/26/2020,0.12,0.12,0.15,0.15,0.14,0.14,0.17,0.17,0.17,0.17
6/29/2020,0.11,0.11,0.14,0.14,0.14,0.14,0.18,0.18,0.16,0.16
6/30/2020,0.13,0.13,0.14,0.14,0.16,0.16,0.18,0.18,0.16,0.16
7/1/2020,0.12,0.12,0.11,0.11,0.14,0.14,0.17,0.17,0.16,0.16
7/2/2020,0.13,0.13,0.14,0.14,0.14,0.14,0.16,0.16,0.16,0.16
7/6/2020,0.12,0.12,0.14,0.14,0.15,0.15,0.16,0.16,0.16,0.16
7/7/2020,0.12,0.12,0.14,0.14,0.15,0.15,0.17,0.17,0.15,0.15
7/8/2020,0.11,0.11,0.12,0.12,0.15,0.15,0.17,0.17,0.15,0.15
7/9/2020,0.11,0.11,0.12,0.12,0.13,0.13,0.16,0.16,0.15,0.15
7/10/2020,0.1,0.1,0.12,0.12,0.13,0.13,0.15,0.15,0.15,0.15
7/13/2020,0.11,0.11,0.12,0.12,0.14,0.14,0.15,0.15,0.16,0.16
7/14/2020,0.11,0.11,0.13,0.13,0.15,0.15,0.14,0.14,0.17,0.17
7/15/2020,0.12,0.12,0.12,0.12,0.16,0.16,0.15,0.15,0.15,0.15
7/16/2020,0.12,0.12,0.11,0.11,0.11,0.11,0.13,0.13,0.14,0.14
7/17/2020,0.11,0.11,0.11,0.11,0.11,0.11,0.13,0.13,0.14,0.14
7/20/2020,0.11,0.11,0.12,0.12,0.13,0.13,0.14,0.14,0.14,0.14
7/21/2020,0.09,0.09,0.1,0.1,0.13,0.13,0.13,0.13,0.15,0.15
7/22/2020,0.09,0.09,0.11,0.11,0.13,0.13,0.14,0.14,0.14,0.14
7/23/2020,0.09,0.09,0.11,0.11,0.12,0.12,0.13,0.13,0.14,0.14
7/24/2020,0.1,0.1,0.11,0.11,0.11,0.11,0.14,0.14,0.16,0.16
7/27/2020,0.1,0.1,0.1,0.1,0.11,0.11,0.14,0.14,0.14,0.14
7/28/2020,0.09,0.09,0.11,0.11,0.11,0.11,0.12,0.12,0.14,0.14
7/29/2020,0.09,0.09,0.1,0.1,0.11,0.11,0.12,0.12,0.13,0.13
7/30/2020,0.1,0.1,0.1,0.1,0.09,0.09,0.11,0.11,0.11,0.11
7/31/2020,0.09,0.09,0.09,0.09,0.09,0.09,0.1,0.1,0.11,0.11
8/3/2020,0.09,0.09,0.09,0.09,0.1,0.1,0.11,0.11,0.12,0.12
8/4/2020,0.09,0.09,0.09,0.09,0.09,0.09,0.11,0.11,0.14,0.14
8/5/2020,0.08,0.08,0.09,0.09,0.1,0.1,0.12,0.12,0.12,0.12
8/6/2020,0.07,0.07,0.11,0.11,0.1,0.1,0.11,0.11,0.14,0.14
8/7/2020,0.08,0.08,0.09,0.09,0.1,0.1,0.12,0.12,0.14,0.14
8/10/2020,0.09,0.09,0.11,0.11,0.11,0.11,0.13,0.13,0.13,0.13
8/11/2020,0.08,0.08,0.1,0.1,0.11,0.11,0.12,0.12,0.15,0.15
8/12/2020,0.08,0.08,0.1,0.1,0.11,0.11,0.12,0.12,0.13,0.13
8/13/2020,0.08,0.08,0.1,0.1,0.1,0.1,0.12,0.12,0.14,0.14
8/14/2020,0.09,0.09,0.1,0.1,0.1,0.1,0.12,0.12,0.13,0.13
8/17/2020,0.09,0.09,0.1,0.1,0.1,0.1,0.12,0.12,0.13,0.13
8/18/2020,0.08,0.08,0.09,0.09,0.09,0.09,0.13,0.13,0.13,0.13
8/19/2020,0.07,0.07,0.08,0.08,0.11,0.11,0.12,0.12,0.13,0.13
8/20/2020,0.08,0.08,0.09,0.09,0.11,0.11,0.13,0.13,0.12,0.12
8/21/2020,0.07,0.07,0.09,0.09,0.1,0.1,0.12,0.12,0.13,0.13
8/24/2020,0.09,0.09,0.1,0.1,0.12,0.12,0.12,0.12,0.14,0.14
8/25/2020,0.08,0.08,0.1,0.1,0.11,0.11,0.12,0.12,0.13,0.13
8/26/2020,0.07,0.07,0.1,0.1,0.11,0.11,0.12,0.12,0.12,0.12
8/27/2020,0.09,0.09,0.1,0.1,0.11,0.11,0.11,0.11,0.13,0.13
8/28/2020,0.09,0.09,0.09,0.09,0.1,0.1,0.11,0.11,0.12,0.12
8/31/2020,0.08,0.08,0.1,0.1,0.11,0.11,0.13,0.13,0.12,0.12
9/1/2020,0.09,0.09,0.11,0.11,0.12,0.12,0.13,0.13,0.12,0.12
9/2/2020,0.1,0.1,0.1,0.1,0.12,0.12,0.12,0.12,0.13,0.13
9/3/2020,0.1,0.1,0.11,0.11,0.11,0.11,0.12,0.12,0.12,0.12
9/4/2020,0.09,0.09,0.1,0.1,0.11,0.11,0.12,0.12,0.13,0.13
9/8/2020,0.1,0.1,0.1,0.1,0.13,0.13,0.14,0.14,0.15,0.15
9/9/2020,0.1,0.1,0.11,0.11,0.12,0.12,0.14,0.14,0.14,0.14
9/10/2020,0.1,0.1,0.11,0.11,0.12,0.12,0.12,0.12,0.15,0.15
9/11/2020,0.1,0.1,0.11,0.11,0.11,0.11,0.12,0.12,0.13,0.13
9/14/2020,0.1,0.1,0.11,0.11,0.11,0.11,0.13,0.13,0.14,0.14
9/15/2020,0.09,0.09,0.1,0.1,0.11,0.11,0.12,0.12,0.13,0.13
9/16/2020,0.08,0.08,0.1,0.1,0.12,0.12,0.12,0.12,0.12,0.12
9/17/2020,0.09,0.09,0.09,0.09,0.09,0.09,0.11,0.11,0.12,0.12
9/18/2020,0.09,0.09,0.1,0.1,0.1,0.1,0.12,0.12,0.13,0.13
9/21/2020,0.09,0.09,0.1,0.1,0.1,0.1,0.11,0.11,0.12,0.12
9/22/2020,0.08,0.08,0.09,0.09,0.1,0.1,0.11,0.11,0.12,0.12
9/23/2020,0.08,0.08,0.09,0.09,0.11,0.11,0.11,0.11,0.13,0.13
9/24/2020,0.08,0.08,0.09,0.09,0.1,0.1,0.11,0.11,0.12,0.12
9/25/2020,0.08,0.08,0.09,0.09,0.1,0.1,0.11,0.11,0.12,0.12
9/28/2020,0.09,0.09,0.1,0.1,0.11,0.11,0.11,0.11,0.12,0.12
9/29/2020,0.07,0.07,0.08,0.08,0.09,0.09,0.11,0.11,0.12,0.12
9/30/2020,0.08,0.08,0.08,0.08,0.1,0.1,0.11,0.11,0.12,0.12
10/1/2020,0.09,0.09,0.09,0.09,0.09,0.09,0.1,0.1,0.12,0.12
10/2/2020,0.1,0.1,0.09,0.09,0.09,0.09,0.11,0.11,0.12,0.12
10/5/2020,0.09,0.09,0.1,0.1,0.1,0.1,0.11,0.11,0.12,0.12
10/6/2020,0.08,0.08,0.09,0.09,0.1,0.1,0.11,0.11,0.14,0.14
10/7/2020,0.08,0.08,0.09,0.09,0.1,0.1,0.12,0.12,0.13,0.13
10/8/2020,0.09,0.09,0.09,0.09,0.09,0.09,0.12,0.12,0.13,0.13
10/9/2020,0.1,0.1,0.11,0.11,0.1,0.1,0.12,0.12,0.15,0.15
10/13/2020,0.09,0.09,0.09,0.09,0.11,0.11,0.12,0.12,0.13,0.13
10/14/2020,0.1,0.1,0.1,0.1,0.12,0.12,0.12,0.12,0.13,0.13
10/15/2020,0.1,0.1,0.1,0.1,0.11,0.11,0.12,0.12,0.12,0.12
10/16/2020,0.09,0.09,0.1,0.1,0.11,0.11,0.12,0.12,0.12,0.12
10/19/2020,0.09,0.09,0.1,0.1,0.11,0.11,0.11,0.11,0.13,0.13
10/20/2020,0.08,0.08,0.09,0.09,0.1,0.1,0.12,0.12,0.13,0.13
10/21/2020,0.08,0.08,0.09,0.09,0.1,0.1,0.12,0.12,0.13,0.13
10/22/2020,0.09,0.09,0.09,0.09,0.09,0.09,0.11,0.11,0.13,0.13
10/23/2020,0.08,0.08,0.09,0.09,0.1,0.1,0.11,0.11,0.12,0.12
10/26/2020,0.08,0.08,0.09,0.09,0.11,0.11,0.12,0.12,0.12,0.12
10/27/2020,0.08,0.08,0.09,0.09,0.1,0.1,0.11,0.11,0.12,0.12
10/28/2020,0.07,0.07,0.09,0.09,0.1,0.1,0.11,0.11,0.12,0.12
10/29/2020,0.08,0.08,0.1,0.1,0.09,0.09,0.1,0.1,0.12,0.12
10/30/2020,0.08,0.08,0.09,0.09,0.09,0.09,0.11,0.11,0.13,0.13
11/2/2020,0.09,0.09,0.09,0.09,0.09,0.09,0.11,0.11,0.13,0.13
11/3/2020,0.09,0.09,0.1,0.1,0.1,0.1,0.12,0.12,0.14,0.14
11/4/2020,0.08,0.08,0.09,0.09,0.1,0.1,0.1,0.1,0.12,0.12
11/5/2020,0.09,0.09,0.1,0.1,0.1,0.1,0.1,0.1,0.12,0.12
11/6/2020,0.1,0.1,0.1,0.1,0.1,0.1,0.11,0.11,0.12,0.12
11/9/2020,0.1,0.1,0.1,0.1,0.11,0.11,0.11,0.11,0.12,0.12
11/10/2020,0.09,0.09,0.09,0.09,0.1,0.1,0.11,0.11,0.12,0.12
11/12/2020,0.1,0.1,0.11,0.11,0.1,0.1,0.1,0.1,0.13,0.13
11/13/2020,0.1,0.1,0.09,0.09,0.09,0.09,0.1,0.1,0.12,0.12
11/16/2020,0.09,0.09,0.1,0.1,0.09,0.09,0.12,0.12,0.12,0.12
11/17/2020,0.08,0.08,0.08,0.08,0.09,0.09,0.1,0.1,0.12,0.12
11/18/2020,0.07,0.07,0.09,0.09,0.09,0.09,0.1,0.1,0.11,0.11
11/19/2020,0.08,0.08,0.08,0.08,0.07,0.07,0.1,0.1,0.11,0.11
11/20/2020,0.09,0.09,0.09,0.09,0.07,0.07,0.1,0.1,0.11,0.11
11/23/2020,0.08,0.08,0.08,0.08,0.08,0.08,0.08,0.08,0.1,0.1
11/24/2020,0.08,0.08,0.08,0.08,0.09,0.09,0.1,0.1,0.11,0.11
11/25/2020,0.07,0.07,0.07,0.07,0.09,0.09,0.09,0.09,0.11,0.11
11/27/2020,0.09,0.09,0.09,0.09,0.09,0.09,0.1,0.1,0.11,0.11
11/30/2020,0.08,0.08,0.08,0.08,0.08,0.08,0.09,0.09,0.11,0.11
12/1/2020,0.07,0.07,0.07,0.07,0.09,0.09,0.1,0.1,0.12,0.12
12/2/2020,0.07,0.07,0.08,0.08,0.09,0.09,0.1,0.1,0.11,0.11
12/3/2020,0.08,0.08,0.08,0.08,0.08,0.08,0.09,0.09,0.1,0.1
12/4/2020,0.07,0.07,0.07,0.07,0.09,0.09,0.1,0.1,0.11,0.11
12/7/2020,0.09,0.09,0.08,0.08,0.08,0.08,0.1,0.1,0.1,0.1
12/8/2020,0.08,0.08,0.08,0.08,0.09,0.09,0.09,0.09,0.1,0.1
12/9/2020,0.07,0.07,0.07,0.07,0.08,0.08,0.09,0.09,0.1,0.1
12/10/2020,0.07,0.07,0.08,0.08,0.08,0.08,0.09,0.09,0.1,0.1
12/11/2020,0.08,0.08,0.08,0.08,0.08,0.08,0.08,0.08,0.1,0.1
12/14/2020,0.07,0.07,0.08,0.08,0.09,0.09,0.08,0.08,0.1,0.1
12/15/2020,0.07,0.07,0.08,0.08,0.08,0.08,0.08,0.08,0.09,0.09
12/16/2020,0.08,0.08,0.08,0.08,0.09,0.09,0.09,0.09,0.09,0.09
12/17/2020,0.08,0.08,0.09,0.09,0.08,0.08,0.09,0.09,0.09,0.09
12/18/2020,0.08,0.08,0.08,0.08,0.08,0.08,0.09,0.09,0.09,0.09
12/21/2020,0.08,0.08,0.09,0.09,0.09,0.09,0.09,0.09,0.09,0.09
12/22/2020,0.06,0.06,0.09,0.09,0.09,0.09,0.09,0.09,0.09,0.09
12/23/2020,0.07,0.07,0.08,0.08,0.09,0.09,0.09,0.09,0.09,0.09
12/24/2020,0.09,0.09,0.09,0.09,0.09,0.09,0.09,0.09,0.1,0.1
12/28/2020,0.09,0.09,0.1,0.1,0.11,0.11,0.11,0.11,0.11,0.11
12/29/2020,0.08,0.08,0.09,0.09,0.1,0.1,0.12,0.12,0.11,0.11
12/30/2020,0.06,0.06,0.06,0.06,0.08,0.08,0.09,0.09,0.12,0.12
12/31/2020,0.08,0.08,0.08,0.08,0.09,0.09,0.09,0.09,0.1,0.1
1/4/2021,0.09,0.09,0.09,0.09,0.09,0.09,0.09,0.09,0.1,0.1
1/5/2021,0.08,0.08,0.09,0.09,0.09,0.09,0.09,0.09,0.1,0.1
1/6/2021,0.09,0.09,0.09,0.09,0.09,0.09,0.09,0.09,0.11,0.11
1/7/2021,0.09,0.09,0.09,0.09,0.09,0.09,0.09,0.09,0.11,0.11
1/8/2021,0.08,0.08,0.08,0.08,0.08,0.08,0.09,0.09,0.1,0.1
1/11/2021,0.09,0.09,0.08,0.08,0.08,0.08,0.1,0.1,0.1,0.1
1/12/2021,0.09,0.09,0.08,0.08,0.09,0.09,0.09,0.09,0.11,0.11
1/13/2021,0.09,0.09,0.08,0.08,0.09,0.09,0.1,0.1,0.12,0.12
1/14/2021,0.09,0.09,0.09,0.09,0.09,0.09,0.09,0.09,0.1,0.1
1/15/2021,0.08,0.08,0.09,0.09,0.09,0.09,0.1,0.1,0.1,0.1
1/19/2021,0.07,0.07,0.09,0.09,0.09,0.09,0.11,0.11,0.1,0.1
1/20/2021,0.08,0.08,0.08,0.08,0.08,0.08,0.1,0.1,0.1,0.1
1/21/2021,0.07,0.07,0.09,0.09,0.09,0.09,0.09,0.09,0.1,0.1
1/22/2021,0.07,0.07,0.08,0.08,0.08,0.08,0.1,0.1,0.1,0.1
1/25/2021,0.07,0.07,0.08,0.08,0.09,0.09,0.09,0.09,0.1,0.1
1/26/2021,0.05,0.05,0.07,0.07,0.07,0.07,0.09,0.09,0.09,0.09
1/27/2021,0.05,0.05,0.06,0.06,0.08,0.08,0.09,0.09,0.09,0.09
1/28/2021,0.05,0.05,0.06,0.06,0.07,0.07,0.08,0.08,0.08,0.08
1/29/2021,0.07,0.07,0.07,0.07,0.06,0.06,0.07,0.07,0.1,0.1
2/1/2021,0.06,0.06,0.07,0.07,0.07,0.07,0.08,0.08,0.08,0.08
2/2/2021,0.04,0.04,0.05,0.05,0.07,0.07,0.08,0.08,0.08,0.08
2/3/2021,0.03,0.03,0.04,0.04,0.04,0.04,0.06,0.06,0.08,0.08
2/4/2021,0.03,0.03,0.04,0.04,0.04,0.04,0.06,0.06,0.07,0.07
2/5/2021,0.02,0.02,0.03,0.03,0.03,0.03,0.05,0.05,0.06,0.06
2/8/2021,0.04,0.04,0.03,0.03,0.05,0.05,0.05,0.05,0.07,0.07
2/9/2021,0.04,0.04,0.04,0.04,0.04,0.04,0.06,0.06,0.07,0.07
2/10/2021,0.05,0.05,0.04,0.04,0.05,0.05,0.06,0.06,0.07,0.07
2/11/2021,0.05,0.05,0.05,0.05,0.05,0.05,0.06,0.06,0.07,0.07
2/12/2021,0.03,0.03,0.04,0.04,0.04,0.04,0.05,0.05,0.06,0.06
2/16/2021,0.03,0.03,0.04,0.04,0.04,0.04,0.06,0.06,0.08,0.08
2/17/2021,0.03,0.03,0.04,0.04,0.04,0.04,0.06,0.06,0.07,0.07
2/18/2021,0.03,0.03,0.03,0.03,0.03,0.03,0.04,0.04,0.06,0.06
2/19/2021,0.03,0.03,0.03,0.03,0.04,0.04,0.06,0.06,0.07,0.07
2/22/2021,0.03,0.03,0.02,0.02,0.03,0.03,0.04,0.04,0.06,0.06
2/23/2021,0.03,0.03,0.02,0.02,0.04,0.04,0.05,0.05,0.08,0.08
2/24/2021,0.03,0.03,0.03,0.03,0.03,0.03,0.05,0.05,0.08,0.08
2/25/2021,0.04,0.04,0.03,0.03,0.04,0.04,0.06,0.06,0.09,0.09
2/26/2021,0.04,0.04,0.04,0.04,0.04,0.04,0.05,0.05,0.08,0.08
3/1/2021,0.03,0.03,0.03,0.03,0.05,0.05,0.07,0.07,0.08,0.08
3/2/2021,0.04,0.04,0.04,0.04,0.04,0.04,0.06,0.06,0.08,0.08
3/3/2021,0.04,0.04,0.04,0.04,0.05,0.05,0.07,0.07,0.08,0.08
3/4/2021,0.03,0.03,0.05,0.05,0.04,0.04,0.07,0.07,0.08,0.08
3/5/2021,0.04,0.04,0.04,0.04,0.04,0.04,0.07,0.07,0.08,0.08
3/8/2021,0.04,0.04,0.04,0.04,0.05,0.05,0.06,0.06,0.09,0.09
3/9/2021,0.04,0.04,0.04,0.04,0.05,0.05,0.07,0.07,0.1,0.1
3/10/2021,0.03,0.03,0.03,0.03,0.04,0.04,0.06,0.06,0.08,0.08
3/11/2021,0.04,0.04,0.04,0.04,0.04,0.04,0.05,0.05,0.08,0.08
3/12/2021,0.03,0.03,0.03,0.03,0.04,0.04,0.06,0.06,0.09,0.09
3/15/2021,0.02,0.02,0.02,0.02,0.04,0.04,0.06,0.06,0.08,0.08
3/16/2021,0.01,0.01,0.02,0.02,0.02,0.02,0.06,0.06,0.07,0.07
3/17/2021,0.01,0.01,0.02,0.02,0.02,0.02,0.05,0.05,0.07,0.07
3/18/2021,0.01,0.01,0.01,0.01,0.01,0.01,0.03,0.03,0.07,0.07
3/19/2021,0.01,0.01,0.01,0.01,0.01,0.01,0.03,0.03,0.06,0.06
3/22/2021,0.02,0.02,0.02,0.02,0.03,0.03,0.05,0.05,0.06,0.06
3/23/2021,0.02,0.02,0.02,0.02,0.01,0.01,0.04,0.04,0.08,0.08
3/24/2021,0.02,0.02,0.02,0.02,0.02,0.02,0.04,0.04,0.07,0.07
3/25/2021,0.02,0.02,0.03,0.03,0.02,0.02,0.04,0.04,0.07,0.07
3/26/2021,0.02,0.02,0.02,0.02,0.02,0.02,0.04,0.04,0.06,0.06
3/29/2021,0.02,0.02,0.03,0.03,0.03,0.03,0.04,0.04,0.06,0.06
3/30/2021,0.01,0.01,0.01,0.01,0.02,0.02,0.04,0.04,0.06,0.06
3/31/2021,0.01,0.01,0.01,0.01,0.03,0.03,0.05,0.05,0.07,0.07
4/1/2021,0.02,0.02,0.02,0.02,0.02,0.02,0.04,0.04,0.06,0.06
4/2/2021,0.02,0.02,0.02,0.02,0.02,0.02,0.04,0.04,0.07,0.07
4/5/2021,0.03,0.03,0.02,0.02,0.03,0.03,0.04,0.04,0.06,0.06
4/6/2021,0.02,0.02,0.02,0.02,0.02,0.02,0.04,0.04,0.06,0.06
4/7/2021,0.01,0.01,0.02,0.02,0.02,0.02,0.04,0.04,0.06,0.06
4/8/2021,0.02,0.02,0.02,0.02,0.01,0.01,0.04,0.04,0.05,0.05
4/9/2021,0.02,0.02,0.01,0.01,0.02,0.02,0.03,0.03,0.06,0.06
4/12/2021,0.02,0.02,0.02,0.02,0.02,0.02,0.04,0.04,0.06,0.06
4/13/2021,0.03,0.03,0.02,0.02,0.03,0.03,0.05,0.05,0.06,0.06
4/14/2021,0.02,0.02,0.02,0.02,0.02,0.02,0.04,0.04,0.06,0.06
4/15/2021,0.02,0.02,0.01,0.01,0.02,0.02,0.04,0.04,0.06,0.06
4/16/2021,0.02,0.02,0.02,0.02,0.02,0.02,0.04,0.04,0.06,0.06
4/19/2021,0.01,0.01,0.02,0.02,0.02,0.02,0.04,0.04,0.07,0.07
4/20/2021,0.01,0.01,0.02,0.02,0.03,0.03,0.04,0.04,0.07,0.07
4/21/2021,0,0,0.02,0.02,0.03,0.03,0.04,0.04,0.07,0.07
4/22/2021,0.02,0.02,0.02,0.02,0.03,0.03,0.04,0.04,0.06,0.06
4/23/2021,0.01,0.01,0.02,0.02,0.03,0.03,0.03,0.03,0.07,0.07
4/26/2021,0.02,0.02,0.02,0.02,0.03,0.03,0.04,0.04,0.06,0.06
4/27/2021,0.01,0.01,0.02,0.02,0.01,0.01,0.04,0.04,0.06,0.06
4/28/2021,0.01,0.01,0.01,0.01,0.01,0.01,0.04,0.04,0.05,0.05
4/29/2021,0.01,0.01,0.01,0.01,0.01,0.01,0.04,0.04,0.05,0.05
4/30/2021,0.01,0.01,0.02,0.02,0.01,0.01,0.03,0.03,0.05,0.05
5/3/2021,0.02,0.02,0.02,0.02,0.04,0.04,0.04,0.04,0.06,0.06
5/4/2021,0.01,0.01,0.01,0.01,0.02,0.02,0.04,0.04,0.06,0.06
5/5/2021,0.01,0.01,0.01,0.01,0.02,0.02,0.04,0.04,0.06,0.06
5/6/2021,0.01,0.01,0.02,0.02,0.02,0.02,0.04,0.04,0.05,0.05
5/7/2021,0.01,0.01,0.01,0.01,0.02,0.02,0.04,0.04,0.05,0.05
5/10/2021,0.02,0.02,0.01,0.01,0.02,0.02,0.04,0.04,0.05,0.05
5/11/2021,0.01,0.01,0.01,0.01,0.01,0.01,0.04,0.04,0.05,0.05
5/12/2021,0.01,0.01,0.02,0.02,0.02,0.02,0.04,0.04,0.05,0.05
5/13/2021,0,0,0.01,0.01,0.02,0.02,0.03,0.03,0.05,0.05
5/14/2021,0.01,0.01,0.01,0.01,0.01,0.01,0.03,0.03,0.05,0.05
5/17/2021,0,0,0.01,0.01,0.02,0.02,0.04,0.04,0.05,0.05
5/18/2021,0,0,0.01,0.01,0.02,0.02,0.03,0.03,0.06,0.06
5/19/2021,0,0,0.01,0.01,0.01,0.01,0.03,0.03,0.05,0.05
5/20/2021,0.01,0.01,0.01,0.01,0.01,0.01,0.03,0.03,0.05,0.05
5/21/2021,0,0,0.01,0.01,0.01,0.01,0.02,0.02,0.04,0.04
5/24/2021,0.01,0.01,0.01,0.01,0.02,0.02,0.03,0.03,0.04,0.04
5/25/2021,0.01,0.01,0.01,0.01,0.02,0.02,0.04,0.04,0.04,0.04
5/26/2021,0,0,0,0,0.02,0.02,0.04,0.04,0.04,0.04
5/27/2021,0,0,0.01,0.01,0.02,0.02,0.04,0.04,0.04,0.04
5/28/2021,0.01,0.01,0.01,0.01,0.01,0.01,0.03,0.03,0.05,0.05
6/1/2021,0.01,0.01,0.01,0.01,0.02,0.02,0.04,0.04,0.04,0.04
6/2/2021,0.01,0.01,0.01,0.01,0.02,0.02,0.04,0.04,0.05,0.05
6/3/2021,0,0,0.01,0.01,0.02,0.02,0.04,0.04,0.04,0.04
6/4/2021,0.01,0.01,0.02,0.02,0.02,0.02,0.04,0.04,0.05,0.05
6/7/2021,0.01,0.01,0.02,0.02,0.02,0.02,0.04,0.04,0.05,0.05
6/8/2021,0.01,0.01,0.02,0.02,0.02,0.02,0.04,0.04,0.05,0.05
6/9/2021,0.01,0.01,0.02,0.02,0.03,0.03,0.04,0.04,0.05,0.05
6/10/2021,0.01,0.01,0.02,0.02,0.03,0.03,0.04,0.04,0.05,0.05
6/11/2021,0.01,0.01,0.02,0.02,0.03,0.03,0.04,0.04,0.05,0.05
6/14/2021,0.01,0.01,0.02,0.02,0.03,0.03,0.05,0.05,0.05,0.05
6/15/2021,0.02,0.02,0.02,0.02,0.03,0.03,0.05,0.05,0.08,0.08
6/16/2021,0.04,0.04,0.04,0.04,0.04,0.04,0.06,0.06,0.08,0.08
6/17/2021,0.05,0.05,0.04,0.04,0.04,0.04,0.06,0.06,0.08,0.08
6/18/2021,0.05,0.05,0.05,0.05,0.05,0.05,0.06,0.06,0.09,0.09
6/21/2021,0.04,0.04,0.04,0.04,0.05,0.05,0.06,0.06,0.09,0.09
6/22/2021,0.04,0.04,0.05,0.05,0.04,0.04,0.06,0.06,0.09,0.09
6/23/2021,0.04,0.04,0.04,0.04,0.05,0.05,0.05,0.05,0.08,0.08
6/24/2021,0.05,0.05,0.05,0.05,0.05,0.05,0.05,0.05,0.08,0.08
6/25/2021,0.05,0.05,0.05,0.05,0.06,0.06,0.06,0.06,0.08,0.08
6/28/2021,0.04,0.04,0.05,0.05,0.05,0.05,0.06,0.06,0.08,0.08
6/29/2021,0.04,0.04,0.04,0.04,0.04,0.04,0.06,0.06,0.07,0.07
6/30/2021,0.05,0.05,0.05,0.05,0.05,0.05,0.06,0.06,0.07,0.07
7/1/2021,0.05,0.05,0.05,0.05,0.05,0.05,0.05,0.05,0.08,0.08
7/2/2021,0.05,0.05,0.05,0.05,0.05,0.05,0.05,0.05,0.07,0.07
7/6/2021,0.05,0.05,0.05,0.05,0.05,0.05,0.06,0.06,0.07,0.07
7/7/2021,0.05,0.05,0.05,0.05,0.05,0.05,0.05,0.05,0.07,0.07
7/8/2021,0.06,0.06,0.05,0.05,0.06,0.06,0.06,0.06,0.07,0.07
7/9/2021,0.06,0.06,0.05,0.05,0.06,0.06,0.05,0.05,0.07,0.07
7/12/2021,0.05,0.05,0.05,0.05,0.05,0.05,0.06,0.06,0.07,0.07
7/13/2021,0.05,0.05,0.05,0.05,0.05,0.05,0.06,0.06,0.08,0.08
7/14/2021,0.06,0.06,0.05,0.05,0.06,0.06,0.05,0.05,0.08,0.08
7/15/2021,0.05,0.05,0.05,0.05,0.05,0.05,0.05,0.05,0.07,0.07
7/16/2021,0.05,0.05,0.05,0.05,0.05,0.05,0.05,0.05,0.08,0.08
7/19/2021,0.05,0.05,0.05,0.05,0.05,0.05,0.06,0.06,0.07,0.07
7/20/2021,0.05,0.05,0.05,0.05,0.05,0.05,0.06,0.06,0.08,0.08
7/21/2021,0.04,0.04,0.04,0.04,0.05,0.05,0.05,0.05,0.07,0.07
7/22/2021,0.04,0.04,0.04,0.04,0.05,0.05,0.05,0.05,0.07,0.07
7/23/2021,0.05,0.05,0.05,0.05,0.05,0.05,0.05,0.05,0.07,0.07
7/26/2021,0.05,0.05,0.05,0.05,0.05,0.05,0.06,0.06,0.08,0.08
7/27/2021,0.04,0.04,0.05,0.05,0.05,0.05,0.05,0.05,0.07,0.07
7/28/2021,0.04,0.04,0.05,0.05,0.05,0.05,0.05,0.05,0.07,0.07
7/29/2021,0.05,0.05,0.05,0.05,0.06,0.06,0.05,0.05,0.07,0.07
7/30/2021,0.05,0.05,0.05,0.05,0.06,0.06,0.05,0.05,0.07,0.07
8/2/2021,0.05,0.05,0.05,0.05,0.05,0.05,0.06,0.06,0.07,0.07
8/3/2021,0.05,0.05,0.05,0.05,0.05,0.05,0.06,0.06,0.07,0.07
8/4/2021,0.05,0.05,0.05,0.05,0.05,0.05,0.05,0.05,0.07,0.07
8/5/2021,0.05,0.05,0.05,0.05,0.05,0.05,0.06,0.06,0.08,0.08
8/6/2021,0.04,0.04,0.05,0.05,0.06,0.06,0.06,0.06,0.08,0.08
8/9/2021,0.04,0.04,0.05,0.05,0.06,0.06,0.06,0.06,0.07,0.07
8/10/2021,0.05,0.05,0.05,0.05,0.05,0.05,0.05,0.05,0.08,0.08
8/11/2021,0.05,0.05,0.05,0.05,0.05,0.05,0.06,0.06,0.08,0.08
8/12/2021,0.05,0.05,0.06,0.06,0.06,0.06,0.06,0.06,0.09,0.09
8/13/2021,0.04,0.04,0.05,0.05,0.06,0.06,0.05,0.05,0.08,0.08
8/16/2021,0.04,0.04,0.05,0.05,0.06,0.06,0.05,0.05,0.08,0.08
8/17/2021,0.03,0.03,0.05,0.05,0.07,0.07,0.06,0.06,0.07,0.07
8/18/2021,0.03,0.03,0.05,0.05,0.07,0.07,0.05,0.05,0.07,0.07
8/19/2021,0.04,0.04,0.05,0.05,0.06,0.06,0.05,0.05,0.06,0.06
8/20/2021,0.04,0.04,0.05,0.05,0.05,0.05,0.05,0.05,0.06,0.06
8/23/2021,0.04,0.04,0.05,0.05,0.05,0.05,0.06,0.06,0.07,0.07
8/24/2021,0.03,0.03,0.05,0.05,0.05,0.05,0.05,0.05,0.06,0.06
8/25/2021,0.04,0.04,0.05,0.05,0.06,0.06,0.06,0.06,0.07,0.07
8/26/2021,0.04,0.04,0.06,0.06,0.05,0.05,0.06,0.06,0.06,0.06
8/27/2021,0.04,0.04,0.06,0.06,0.05,0.05,0.05,0.05,0.07,0.07
8/30/2021,0.04,0.04,0.07,0.07,0.05,0.05,0.05,0.05,0.07,0.07
8/31/2021,0.03,0.03,0.05,0.05,0.04,0.04,0.06,0.06,0.07,0.07
9/1/2021,0.04,0.04,0.06,0.06,0.05,0.05,0.06,0.06,0.07,0.07
9/2/2021,0.05,0.05,0.07,0.07,0.05,0.05,0.06,0.06,0.07,0.07
9/3/2021,0.04,0.04,0.07,0.07,0.05,0.05,0.05,0.05,0.07,0.07
9/7/2021,0.04,0.04,0.07,0.07,0.05,0.05,0.06,0.06,0.08,0.08
9/8/2021,0.05,0.05,0.06,0.06,0.05,0.05,0.06,0.06,0.08,0.08
9/9/2021,0.07,0.07,0.06,0.06,0.04,0.04,0.05,0.05,0.07,0.07
9/10/2021,0.06,0.06,0.06,0.06,0.05,0.05,0.06,0.06,0.08,0.08
9/13/2021,0.06,0.06,0.08,0.08,0.06,0.06,0.06,0.06,0.07,0.07
9/14/2021,0.05,0.05,0.06,0.06,0.04,0.04,0.05,0.05,0.07,0.07
9/15/2021,0.04,0.04,0.06,0.06,0.04,0.04,0.05,0.05,0.07,0.07
9/16/2021,0.06,0.06,0.06,0.06,0.04,0.04,0.05,0.05,0.07,0.07
9/17/2021,0.06,0.06,0.06,0.06,0.04,0.04,0.05,0.05,0.07,0.07
9/20/2021,0.06,0.06,0.05,0.05,0.04,0.04,0.05,0.05,0.07,0.07
9/21/2021,0.05,0.05,0.04,0.04,0.03,0.03,0.04,0.04,0.07,0.07
9/22/2021,0.04,0.04,0.04,0.04,0.03,0.03,0.05,0.05,0.08,0.08
9/23/2021,0.05,0.05,0.04,0.04,0.03,0.03,0.04,0.04,0.07,0.07
9/24/2021,0.06,0.06,0.04,0.04,0.03,0.03,0.05,0.05,0.07,0.07
9/27/2021,0.06,0.06,0.03,0.03,0.04,0.04,0.05,0.05,0.08,0.08
9/28/2021,0.07,0.07,0.04,0.04,0.04,0.04,0.06,0.06,0.08,0.08
9/29/2021,0.05,0.05,0.04,0.04,0.04,0.04,0.05,0.05,0.08,0.08
9/30/2021,0.07,0.07,0.05,0.05,0.04,0.04,0.05,0.05,0.08,0.08
10/1/2021,0.08,0.08,0.04,0.04,0.04,0.04,0.05,0.05,0.08,0.08
10/4/2021,0.1,0.1,0.04,0.04,0.04,0.04,0.06,0.06,0.08,0.08
10/5/2021,0.11,0.11,0.04,0.04,0.04,0.04,0.06,0.06,0.09,0.09
10/6/2021,0.06,0.06,0.04,0.04,0.04,0.04,0.06,0.06,0.1,0.1
10/7/2021,0.03,0.03,0.09,0.09,0.05,0.05,0.06,0.06,0.1,0.1
10/8/2021,0.02,0.02,0.07,0.07,0.05,0.05,0.07,0.07,0.09,0.09
10/12/2021,0.02,0.02,0.07,0.07,0.06,0.06,0.06,0.06,0.1,0.1
10/13/2021,0.02,0.02,0.06,0.06,0.05,0.05,0.06,0.06,0.1,0.1
10/14/2021,0.05,0.05,0.08,0.08,0.05,0.05,0.06,0.06,0.09,0.09
10/15/2021,0.04,0.04,0.08,0.08,0.05,0.05,0.06,0.06,0.11,0.11
10/18/2021,0.04,0.04,0.09,0.09,0.06,0.06,0.06,0.06,0.1,0.1
10/19/2021,0.05,0.05,0.09,0.09,0.05,0.05,0.06,0.06,0.1,0.1
10/20/2021,0.05,0.05,0.07,0.07,0.05,0.05,0.06,0.06,0.09,0.09
10/21/2021,0.06,0.06,0.08,0.08,0.06,0.06,0.06,0.06,0.11,0.11
10/22/2021,0.05,0.05,0.09,0.09,0.06,0.06,0.07,0.07,0.12,0.12
10/25/2021,0.06,0.06,0.1,0.1,0.06,0.06,0.06,0.06,0.12,0.12
10/26/2021,0.06,0.06,0.08,0.08,0.06,0.06,0.06,0.06,0.12,0.12
10/27/2021,0.06,0.06,0.07,0.07,0.06,0.06,0.07,0.07,0.11,0.11
10/28/2021,0.06,0.06,0.1,0.1,0.06,0.06,0.06,0.06,0.13,0.13
10/29/2021,0.06,0.06,0.08,0.08,0.05,0.05,0.07,0.07,0.13,0.13
11/1/2021,0.05,0.05,0.09,0.09,0.05,0.05,0.06,0.06,0.13,0.13
11/2/2021,0.05,0.05,0.06,0.06,0.05,0.05,0.07,0.07,0.15,0.15
11/3/2021,0.05,0.05,0.07,0.07,0.05,0.05,0.07,0.07,0.17,0.17
11/4/2021,0.05,0.05,0.05,0.05,0.04,0.04,0.07,0.07,0.14,0.14
11/5/2021,0.05,0.05,0.06,0.06,0.05,0.05,0.07,0.07,0.14,0.14
11/8/2021,0.04,0.04,0.06,0.06,0.06,0.06,0.07,0.07,0.15,0.15
11/9/2021,0.04,0.04,0.05,0.05,0.04,0.04,0.06,0.06,0.13,0.13
11/10/2021,0.06,0.06,0.06,0.06,0.05,0.05,0.07,0.07,0.16,0.16
11/12/2021,0.05,0.05,0.05,0.05,0.05,0.05,0.07,0.07,0.16,0.16
11/15/2021,0.06,0.06,0.06,0.06,0.05,0.05,0.06,0.06,0.17,0.17
11/16/2021,0.06,0.06,0.06,0.06,0.05,0.05,0.07,0.07,0.16,0.16
11/17/2021,0.06,0.06,0.05,0.05,0.05,0.05,0.06,0.06,0.16,0.16
11/18/2021,0.12,0.12,0.05,0.05,0.05,0.05,0.06,0.06,0.16,0.16
11/19/2021,0.11,0.11,0.04,0.04,0.05,0.05,0.06,0.06,0.16,0.16
11/22/2021,0.07,0.07,0.03,0.03,0.05,0.05,0.07,0.07,0.18,0.18
11/23/2021,0.06,0.06,0.04,0.04,0.06,0.06,0.07,0.07,0.19,0.19
11/24/2021,0.14,0.14,0.05,0.05,0.06,0.06,0.1,0.1,0.22,0.22
11/26/2021,0.11,0.11,0.04,0.04,0.06,0.06,0.1,0.1,0.18,0.18
11/29/2021,0.07,0.07,0.04,0.04,0.06,0.06,0.1,0.1,0.19,0.19
11/30/2021,0.11,0.11,0.05,0.05,0.05,0.05,0.1,0.1,0.24,0.24
12/1/2021,0.1,0.1,0.04,0.04,0.06,0.06,0.1,0.1,0.25,0.25
12/2/2021,0.05,0.05,0.05,0.05,0.05,0.05,0.09,0.09,0.26,0.26
12/3/2021,0.04,0.04,0.05,0.05,0.06,0.06,0.09,0.09,0.25,0.25
12/6/2021,0.05,0.05,0.05,0.05,0.06,0.06,0.13,0.13,0.27,0.27
12/7/2021,0.05,0.05,0.06,0.06,0.06,0.06,0.15,0.15,0.3,0.3
12/8/2021,0.04,0.04,0.05,0.05,0.07,0.07,0.13,0.13,0.28,0.28
12/9/2021,0.03,0.03,0.06,0.06,0.06,0.06,0.12,0.12,0.26,0.26
12/10/2021,0.03,0.03,0.06,0.06,0.06,0.06,0.13,0.13,0.26,0.26
12/13/2021,0.01,0.01,0.05,0.05,0.05,0.05,0.11,0.11,0.25,0.25
12/14/2021,0.01,0.01,0.05,0.05,0.05,0.05,0.13,0.13,0.25,0.25
12/15/2021,0.03,0.03,0.05,0.05,0.06,0.06,0.13,0.13,0.27,0.27
12/16/2021,0.04,0.04,0.06,0.06,0.05,0.05,0.13,0.13,0.25,0.25
12/17/2021,0.03,0.03,0.04,0.04,0.05,0.05,0.13,0.13,0.25,0.25
12/20/2021,0.03,0.03,0.05,0.05,0.07,0.07,0.16,0.16,0.25,0.25
12/21/2021,0.03,0.03,0.04,0.04,0.07,0.07,0.16,0.16,0.26,0.26
12/22/2021,0.03,0.03,0.04,0.04,0.08,0.08,0.16,0.16,0.26,0.26
12/23/2021,0.04,0.04,0.05,0.05,0.08,0.08,0.18,0.18,0.28,0.28
12/27/2021,0.04,0.04,0.05,0.05,0.06,0.06,0.21,0.21,0.3,0.3
12/28/2021,0.03,0.03,0.04,0.04,0.06,0.06,0.2,0.2,0.38,0.39
12/29/2021,0.01,0.01,0.02,0.02,0.05,0.05,0.19,0.19,0.38,0.39
12/30/2021,0.06,0.06,0.06,0.06,0.05,0.05,0.19,0.19,0.37,0.38
12/31/2021,0.06,0.06,0.05,0.05,0.06,0.06,0.19,0.19,0.38,0.39
